feature_1,feature_2,feature_3,target
37.454011884736246,76.1705683735906,1.3286408282482312,-26.882716856504207
95.07143064099162,74.69787990719999,0.31318447386498,148.94294159658682
73.1993941811405,140.62545805210368,-0.6065033882157397,-53.782947612906064
59.86584841970366,74.95461998495061,0.4559041951707027,7.696546702851116
15.601864044243651,77.1949726128631,-0.45909031021899177,-121.65245434772129
15.599452033620265,125.93982624179637,-0.6946003691631446,-229.0950336600094
5.8083612168199465,94.973984245054,-1.1543626682329844,-184.26512010367463
86.61761457749351,127.67105569551812,-1.7518288067517191,24.239485412127145
60.11150117432088,56.53661575643852,-0.3899237065594453,72.03907000220951
70.80725777960456,98.75711936733843,0.15805348992013185,29.12799422707402
2.0584494295802447,53.36136001832826,-0.09662367001488972,-126.47907234915365
96.99098521619943,56.26532034553545,-0.4159669279473586,188.96382312089256
83.24426408004217,140.6437453344411,-0.9457460606967811,-21.32088047497795
21.233911067827616,63.92453711175952,0.6082461916849685,-85.70454196355661
18.182496720710063,103.24206822752171,-1.317131919946585,-184.95766878896566
18.34045098534338,91.10956026007065,0.7760279138434754,-148.39265418300363
30.42422429595377,84.73433262588426,-1.0022170189267248,-78.95925320456924
52.475643163223786,139.98333456872723,-0.752435237353035,-95.79433536811725
43.194501864211574,52.18233967754895,-1.466785190615677,-4.320002328090595
29.122914019804192,116.37896861755891,-0.5014021468856367,-196.17792301612272
61.18528947223795,146.33944342135504,0.9753124584779789,-100.54287549636989
13.949386065204184,106.0168183461842,0.5156280884439565,-178.94391232979586
29.214464853521815,143.68224620330918,0.9784221120280351,-199.69290740452752
36.63618432936917,55.22578792860238,0.5221425459339358,3.024926864519328
45.606998421703594,91.87933190741614,-1.1036698285303692,-57.55951998216526
78.51759613930136,76.01577909620511,-0.33078922432755736,111.61918844344001
19.967378215835975,123.08209649807299,-0.7801991291174627,-187.88816197861252
51.42344384136116,148.12970904972468,1.3305749040390402,-171.6985328306055
59.24145688620425,75.65300624442477,-1.1967886464263116,21.561810119088
4.645041271999773,115.41746014740745,0.8936976893891109,-224.44761509958482
60.75448519014384,69.809763275974,0.8929538701087693,49.62923556723359
17.052412368729154,106.53302545716099,1.8296202017160872,-121.76961806269526
6.505159298527952,96.39324866883362,-0.40968659262949736,-206.10215305745587
94.88855372533332,147.2005329631537,0.7123221595801621,14.566133375384467
96.56320330745594,110.85272726964666,2.2816518365388427,128.03217188510732
80.83973481164611,84.95063720868188,-0.6176416769336966,78.04555743628633
30.46137691733707,61.409578488793336,-1.5350402475323597,-80.76811689607757
9.767211400638388,65.12468287349346,-1.8800100339077637,-136.46225329685956
68.42330265121569,72.5316929951235,0.7127120288613313,107.62776609713734
44.01524937396013,75.0966661340298,-1.8831502080585838,-36.72869730229374
12.203823484477883,135.0616057841138,-0.37231905293792283,-275.0740270879366
49.51769101112702,106.12227882825249,0.4373131870389607,-37.27051882276686
3.4388521115218396,102.33909113743664,0.18517553682991406,-217.8737606641961
90.9320402078782,61.47688718692174,0.42544486418417227,177.0642212851832
25.87799816000169,136.0139693349435,0.22228985580085406,-203.44571862559508
66.2522284353982,122.28143032084837,1.2788658133133932,-8.932684856463073
31.171107608941096,56.766836190000156,-0.952316380738797,22.322943840556423
52.00680211778108,120.78350972297687,-0.6769951384585313,-73.92514320975224
54.67102793432797,104.35382173426461,-0.772659445270824,-22.759605170175657
18.485445552552704,58.172534574677826,0.8301918118626102,-65.09792249148776
96.95846277645586,95.83006415286565,0.9003985883950636,117.01510234585214
77.51328233611146,98.4696287130047,0.4512253193185082,60.42218519334728
93.9498941564189,66.57745401632758,1.1834936668899279,196.33256568563672
89.48273504276489,144.56981470002825,-1.1780408673763807,-38.21468319144083
59.78999788110851,134.9975371480662,1.667224111551137,-74.56323862443475
92.18742350231169,116.90223373291083,1.5232386217122582,88.68980629719225
8.84925020519195,96.22955610006072,0.7356219972457467,-166.1685598291427
19.59828624191452,91.17655415845084,1.78179890877106,-104.090671146495
4.522728891053807,115.09734671509541,-1.6566232076777738,-248.13154912855046
32.53303307632643,104.54318694069055,-0.5244481362626519,-131.51405005040434
38.8677289689482,56.22731058818856,-0.7353034606819523,-5.294079042492533
27.134903177389592,101.25026487703317,0.7214793237573432,-144.5426563309135
82.87375091519293,130.64036172328395,-1.0501407396021456,27.843425799631028
35.67533266935893,95.9239877596958,0.7574951493374855,-78.32514994281381
28.093450968738075,55.19565775542684,1.3705361439967134,-13.895068347285699
54.26960831582485,128.62781993840332,0.6952029000839993,-104.66138738730953
14.092422497476264,70.13637821359744,0.2837510236615011,-43.42588504557688
80.21969807540397,75.86208348880388,-0.9878733409007492,82.52706553507997
7.455064367977082,66.47063534322959,-0.8468509661253646,-137.18814064056045
98.68869366005173,83.02150648714976,1.2496189052966666,183.5760393171394
77.22447692966574,125.6751505688635,0.7793490039053323,13.598087356269243
19.87156815341724,101.93858595039373,-0.03901951937754412,-135.94595464336763
0.5522117123602399,70.48812741507126,-0.41790954576589057,-121.16806462216961
81.54614284548342,137.7830078152041,-2.025807873111377,-27.846042856156597
70.68573438476172,137.95818549515292,-1.0708524186844388,-87.93707792884817
72.90071680409874,137.05784250460067,1.9114190871397234,-32.399456326814345
77.12703466859458,73.87962113815394,-1.2804555710024668,100.76154657639538
7.4044651734090365,95.12393441809881,0.18947982122108065,-140.0977085705585
35.84657285442726,148.49896561408752,1.0074439731951985,-219.11638919703114
11.586905952512971,127.20124763099903,-1.2549226680022925,-227.78627052992084
86.31034258755935,52.716742122555985,0.1847104747810833,191.5547585255737
62.329812682755794,56.520459126049204,0.937915537510655,119.94510039203318
33.08980248526492,96.39313768123327,0.012499321907250335,-98.16549531393213
6.355835028602364,140.922020586156,2.8684030556667683,-275.9476447352938
31.09823217156622,103.87017979527143,-1.6685992588781953,-121.33911994987072
32.518332202674706,99.78125080342903,1.0587285298838789,-82.02868321723119
72.96061783380641,60.54736999566306,-0.17280173739646437,139.87107036869347
63.75574713552131,115.6780104724294,0.7719201548366751,-23.893399224226073
88.72127425763266,132.21031606002254,0.44130715169924584,12.078395620260157
47.22149251619493,88.04200075075623,-0.7331561971099966,-66.92447971655827
11.959424593830171,127.56118509253275,0.22899639245934025,-220.09919183778499
71.3244787222995,146.44766539008117,-1.8579014513982872,-82.65041319523345
76.07850486168974,70.37664591276891,0.6032475005713938,98.16296835625725
56.127719756949624,102.33296311947413,0.29815846599052565,-36.47538851954665
77.0967179954561,78.71379580845755,0.6386601686431024,93.71958765289199
49.379559636439076,129.28544190338394,1.0581183250871502,-130.6780188486848
52.27328293819941,107.75933658811576,0.3676198402097109,-66.79149974016232
42.75410183585496,113.45824175503037,0.1480894197982762,-121.1644883737188
2.541912674409519,129.7914159615894,-0.8810683366612923,-293.704684359435
10.789142699330444,89.59704726624548,-0.712220763649051,-181.24766214116528
3.142918568673425,141.50900684070433,1.186734620177331,-320.99235227475424
63.64104112637804,103.302886724614,1.4363354057059785,50.292451816621764
31.435598107632668,65.7954822835348,-0.23811043631205406,-12.05575738959816
50.85706911647028,119.58991181688025,0.04600274725327412,-100.21842504735754
90.7566473926093,129.32613504382545,-0.9046143749937661,29.533052960851116
24.929222914887493,81.67616770675266,1.1727568452674448,-72.35841850364932
41.038292303562976,135.7179256998753,0.6654168236917787,-124.46952814486794
75.55511385430486,140.61432547657665,1.9412174364637491,-41.86854372696574
22.879816549162246,77.6904487377809,-0.8783230771797389,-77.78072439319901
7.697990982879299,148.3521472715222,-0.3780078990182172,-314.16994063159217
28.9751452913768,64.07115280487584,0.2314459225255723,-63.94631650902459
16.122128725400444,70.201566840249,0.6464895377257707,-77.06836994609861
92.96976523425731,68.42248392380262,-0.21566763754763232,198.52320579450702
80.8120379564417,139.39897100078704,-0.8729610904537004,19.192965211891092
63.34037565104234,115.42925523249619,0.8814075289235711,-47.43347674541201
87.14605901877177,65.21042832222729,0.7211353625455816,182.73801158387272
80.36720768991145,94.03234183683489,-0.9162741005637249,57.05530899214543
18.657005888603585,111.5298025069802,1.3554428011054958,-150.84444268370834
89.25589984899777,58.34640849893833,1.1701987091966037,166.3257468411689
53.93422419156507,138.24163684073386,0.13429649724779288,-139.2742469206301
80.74401551640625,130.3603535441535,0.07959786237603639,-18.91024132928518
89.60912999234932,100.52067735766383,0.5540577711159071,99.60632341088294
31.800347497186387,146.71266152591704,-0.8617030702562581,-232.90529515019486
11.005192452767677,91.77609792750997,0.03003147916408217,-149.90784018592583
22.793516254194166,148.41103190364979,-2.1523835446091804,-247.7129063792835
42.71077886262563,116.79199988036271,0.8764556455029355,-86.69856643767181
81.80147659224932,113.46712732539415,-1.5614932224418594,53.43830852580423
86.07305832563435,66.5954895295785,1.503419828428999,178.09635804804438
0.6952130531190703,138.1927758304644,-0.3301200939664503,-329.2299962875728
51.07473025775657,92.74896879206152,-0.2116669819311769,-0.13531498893232907
41.7411003148779,66.22334057824793,-0.6277339060845056,-17.977961943037815
22.210781047073024,51.2607519975759,-0.2880388739220764,-19.707939475420773
11.98653673336828,105.97556836383825,1.4185313451480366,-145.5333740510727
33.7615171403628,102.73996221226764,-2.4878086565350794,-123.60693322646183
94.29097039125192,121.93536223691585,1.2769653860881878,44.60707704575571
32.320293202075526,139.02580530178022,0.33802348110170816,-207.7197539758309
51.87906217433661,57.940658464302956,-1.2070216478572156,68.49194184784218
70.30189588951778,123.14964903403623,-1.0753123930492379,-39.008169904916166
36.3629602379294,68.74119440975822,1.676393027208203,-5.60486589778986
97.17820827209607,135.8177053157164,-0.9455068799427312,47.046196781604976
96.24472949421113,131.90635138616562,-1.1533505105959594,49.05553231582141
25.178229582536417,104.07937549855444,1.1373145423647293,-123.90168088658581
49.72485058923854,121.02427986233116,0.33855287628591424,-93.00427729634384
30.087830981676966,81.43501131837485,-0.9379255765363989,-89.48224114456644
28.484049437746762,97.11678989328146,0.216624975404619,-94.6385384732325
3.6886947354532795,132.16368977104716,-1.0257526836402773,-277.0358221372642
60.956433397989684,95.92651971732138,1.1008213984226052,8.171387486727067
50.26790232288615,85.77982653254418,1.0613709648731335,19.47799566709849
5.147875124998935,99.42124472503,0.5320061988219431,-197.96979577194597
27.864646423661142,132.82492524372185,0.3616610612470166,-208.1052059275918
90.82658859666537,83.52080473708727,1.7611881248673737,136.57975693734363
23.95618906669724,67.37615931357438,-0.0003136726117747121,-83.95884220873636
14.48948720912231,121.20140203307808,-1.1818741254208012,-233.1968208271255
48.9452760277563,132.5978212708082,0.44947391283230687,-91.23751600358406
98.56504541106007,60.06374785235333,2.0860470495371137,217.59598053829387
24.20552715115004,73.98741127559447,-1.0147594931858521,-84.43103948877916
67.21355474058785,64.19719897609939,-0.36146276669398575,77.26518926515071
76.16196153287176,84.79414115821666,0.41644603810145264,78.97803437256029
23.763754399239968,95.03509789054127,-0.05390484900573916,-156.64394769161333
72.82163486118596,124.88263369633064,-0.9823035803773146,-34.099872504680505
36.77831327192532,115.11475848816741,1.1218578562304709,-117.18390125602423
63.23058305935795,112.09285674784311,2.3200407220172594,8.708921963384423
63.35297107608947,85.23749466096544,0.19613145902390733,40.63984336753563
53.57746840747585,134.144755308476,-0.9040682897360003,-140.60584764888267
9.02897700544083,97.12871673981645,-1.548960525053475,-175.8873976782172
83.5302495589238,147.91049380151546,0.2579759812211809,-26.26139229044897
32.07800649717358,113.41421382957368,1.1038773433162576,-122.23160390824228
18.651851039985424,62.62647415645027,0.4751677464953816,-67.92873410699059
4.077514155476392,117.6177562075434,-0.002403840918853844,-254.8669514660611
59.08929431882418,82.5104015431699,-0.5892716517893062,23.752976997992295
67.75643618422824,118.63271966860974,-1.0921636327180897,-25.254324234751852
1.6587828927856152,56.964114816240574,0.8347513263248821,-146.1057130346419
51.2093058299281,67.48814371759593,0.9137716213855857,29.121153692971234
22.649577519793795,135.57372589057863,-1.5457297866907331,-239.54491291497388
64.51727904094498,72.71795570235149,1.5898389781806839,86.85277599382657
17.436642900499145,133.704112524294,0.5740712208940013,-203.51386507421734
69.09377381024659,77.92760884544104,1.3995946451457935,68.94859903541504
38.67353463005374,114.28819100587077,-1.342127748485115,-139.45716342893562
93.67299887367345,119.4150573509831,-1.365824155415439,41.23344611860883
13.752094414599325,101.2654753145053,-0.14896930976729691,-192.17196014057782
34.10663510502585,80.53106766967312,0.5027844268951942,-59.711011638983706
11.347352124058908,71.26443763710961,1.7963608229269636,-83.68637773840591
92.46936182785628,53.31893545624262,0.7060789138151315,192.32518762462757
87.7339353380981,80.39464012407238,-0.24268127681203333,136.33004054532182
25.79416277151556,115.3162790531283,-1.0263692076658921,-207.71798089360345
65.99840460341791,143.83048184484826,1.23000057271915,-84.35939814835612
81.72222002012158,137.1204482263052,-0.9647054257507148,-31.874056289312776
55.52008115994623,126.60647765353026,1.6284685547723217,-34.432087771950286
52.965057835600646,128.84473432532985,-0.28438464960650933,-106.42060568224227
24.18522909004517,116.49849034759953,1.5905820726178503,-199.76742569240076
9.310276780589922,76.0286857566003,0.6789312900592783,-167.86560516908813
89.72157579533267,140.719503070583,-0.13699548944245826,3.753245360890791
90.04180571633304,117.0732311905834,-0.5193963718261266,64.66666478541902
63.31014572732679,106.04406309804399,-0.3409078773460798,-7.611390390968775
33.90297910487007,61.09894692134811,0.4283166923752375,-8.122687320148437
34.92095746126609,94.70555438064254,0.07715649621771674,-62.112111610691784
72.59556788702393,96.03582712019264,-0.5938114080687051,26.075729444730253
89.71102599525771,136.456360952267,-0.16563141031763223,30.02649390577475
88.70864242651173,104.66482201877885,0.0785770297191498,48.36311264814074
77.98755458576238,88.04005489704096,-2.128734094414812,39.88202267376875
64.20316461542878,147.68003285106593,0.4581681147886987,-131.74414286909368
8.413996499504883,61.07205933263157,-0.9797212247168068,-120.20366104408627
16.162871409461378,92.25484283119445,-1.153332403205745,-158.84915267289728
89.85541885270793,54.202467517140526,-1.6873443471107104,180.65712382019188
60.642905965958995,123.99041207669303,-1.7938924978678903,-77.22999360880445
0.9197051616629648,141.80765521991506,-1.3554475031122892,-340.86341506535024
10.147154286603211,78.00373295504895,-0.7090209576304904,-146.9881989625657
66.35017691080559,135.83416767991207,1.9532591375265682,-77.02589170483634
0.5061583846218687,79.22182304618977,-0.5258796758952039,-150.510673611748
16.080805141749867,141.07701616439152,0.17775010626803134,-258.38163796081653
54.87337893665861,125.3961903596784,0.4004813865063287,-89.58770102879791
69.18951976926932,130.49067768414386,0.13106518621584873,-11.826713281633758
65.19612595026005,51.80065556004545,-0.07744346072599365,88.60563331556567
22.42693094605598,146.2810357074026,-1.1952937635992447,-277.78870016172164
71.2179221347536,122.66709920703232,1.4509275482792119,-28.020021798412763
23.724908749680008,80.47510953861334,1.8071966436378852,-77.29352155868013
32.539969815926774,132.93946648588468,-1.6826586941226858,-186.7708862616775
74.64914051180241,78.152119841493,-1.0240285908863795,93.8905515935167
64.96328990472146,137.2753839566128,-0.2798103423770061,-25.992527111893793
84.9223410494178,61.2580390411937,-0.9645377949101913,107.82648074921893
65.76128923003434,120.36859774607957,0.5059655534558652,-17.412035419207925
56.830860333547164,104.06984766449104,-0.7282722024066131,-48.47098716997597
9.367476782809248,59.65344701954408,2.1650560678066024,-88.52915700287407
36.77158030594335,74.1893828258839,1.190548594343596,-35.00606776778445
26.520236768172545,51.24040362773148,0.2125740306322149,-35.95771240224267
24.398964337908357,96.87679654645058,1.0269862633197322,-83.77221789424568
97.30105547524455,80.12652607600003,1.105900424357309,192.180287580007
39.30977246667604,109.83574842977589,-0.5639474880582432,-109.22999822157577
89.20465551771133,79.72378077086172,-0.8162172445419648,155.68211922041422
63.11386259972629,79.99191115069847,0.07814306296964744,15.44716589122433
79.48113035416485,124.31931987316034,0.861636124497944,-13.316288863014872
50.26370931051921,54.81428359783534,0.13906039865341766,13.162808014219891
57.69038846263591,140.28949951919873,-1.5769964821909972,-136.47879494738726
49.25176938188639,135.22638743911813,-0.8028244439508423,-129.9111334348709
19.52429877980445,116.78046832264066,-0.07397286359437803,-187.264541657791
72.24521152615053,109.32215701073844,-0.07566560432583026,14.579677095841568
28.07723624408558,139.23024981396523,1.9725421767898081,-216.5319375898476
2.431596643145384,68.53301795287145,-1.385987942398998,-140.0588358170179
64.54722959071678,57.89691621908286,0.5055892418358746,108.39053066866515
17.711067940704893,73.9510169909538,1.4891131083282896,-71.15128287502839
94.04585843529144,129.45782787001903,2.271449745422796,29.21253711190508
95.39285770025873,53.46702667264833,-0.40439742318396127,218.43338621519544
91.48643902204485,108.28068350834897,0.4914294527201998,63.14402258764069
37.01587002554444,149.543751619131,0.5697603571986469,-201.68956995172346
1.5456616528867428,135.56960938375394,0.19548173155329082,-280.2012095708945
92.83185625877253,102.14456890435895,-0.09884520123930605,101.02686542883939
42.81841483173143,56.36409092866423,0.4359753895000459,13.19240616741276
96.66548190436696,133.137351438571,-2.5322460852196853,20.230015771919643
96.36199770892529,109.89785081772106,0.6820694900626313,71.6817087780056
85.300945546736,61.49329970595669,0.12617790366196718,187.5351770150569
29.444889206958567,59.38572848233562,-0.22247489677826537,-33.92191979449107
38.50977286019253,140.96268194365922,2.046862195719558,-132.49407442307435
85.11366715168569,116.92002629380784,-0.6749340187905523,23.39380325469625
31.692200515627768,132.92867993167556,-0.4030759890650308,-196.02267370377103
16.94927466860925,137.89789002822673,1.991553302204734,-239.42109943267602
55.68012624583501,107.17723520483221,-0.8320613048498566,-31.706610004845416
93.6154774160781,101.74463517550413,-0.5501152829365389,84.12619759422932
69.6029796674973,93.04274103209902,-0.14702542343084998,50.33805297961773
57.0061170089365,81.69465877911193,0.8407344821295493,20.551457085141163
9.717649377076853,93.45959608587117,0.2078025073533134,-209.04057949344684
61.500722669916975,127.38796557301563,-1.2926253471522626,-89.33352974317697
99.00538501042632,110.19234310151316,-0.5321685631271895,75.19184279463428
14.008401523652402,139.25232899548462,-0.6073544332122114,-262.72120831575813
51.832965236373674,94.33800143791876,-0.07722104522304557,-50.70859000183371
87.73730719279554,110.7089578718754,0.4258436586298291,86.2988064572491
74.07686177542044,113.13075530919888,0.4182057558879721,12.741894885553172
69.7015740995268,109.16971623063256,-1.7760117540484022,-17.529903794706662
70.24840839871092,120.26337730855164,1.063940987560856,5.047251948034809
35.94911512197552,73.74334683748063,0.2525688459966235,-14.609632974059622
29.359184426449335,101.23637775457907,1.3845320475939062,-106.51954012695528
80.93611554785136,60.42248028083477,0.4441983272906719,139.36492508156414
81.01133946791808,88.45113276448126,1.1013229577357622,64.48103331096951
86.70723185801037,98.76670686212644,0.46654531145012695,77.13301438015583
91.32405525564712,115.22242595454725,1.3462257562027482,67.26286892382917
51.13423988609378,145.05310525862035,0.5222506360177785,-132.78333654761286
50.15162946871996,110.06510665483559,-0.09791524644290406,-74.49462158730806
79.82951789667752,124.35939161765597,2.2724347204468818,42.29565772502549
64.99639307777652,100.62660594952027,0.8890371222798921,2.7395484806583266
70.19668772577033,113.41040313763312,0.5737444210044131,0.7821410103885409
79.57926694361011,57.093221613377345,-1.276304416538336,163.83905145175964
89.00053418175663,75.4391580841847,-1.2883076174635377,139.48914995540585
33.79951568515358,86.18530932051387,0.2927154821418534,-69.58297161944576
37.5582952639944,97.24933550065136,0.1455211977682408,-93.07818153847373
9.3981939840869,54.56487455023837,-0.6141225650083162,-105.95489865060298
57.8280140996174,64.00240975533177,0.14098269961206,45.99030982401264
3.5942273796742086,77.68143077913058,1.5886269280435958,-153.25321992044957
46.55980181324602,147.15326909010508,0.6954024745502987,-138.71054413148084
54.26446347075766,83.13470071030508,-1.1410085097527383,-8.818569938392159
28.65412521282844,98.20410581120825,-0.1115088271429437,-143.8701441988127
59.08332605690107,69.6097712738393,-0.8049664808525608,80.96386544937734
3.050024993904943,111.07800710757682,-0.38769991640856116,-231.17422349918408
3.7348188749214417,78.06832155159744,-0.41361566562964275,-190.95346601784917
82.26005606596583,70.69925784384267,-0.4776455826040052,118.75839460356998
36.019064141126286,101.65726284459791,-1.2551353719733949,-107.912879827339
12.706051265188478,50.55057991604208,-0.12765468151819012,-33.92480133636728
52.224326005480435,50.76640326492253,-0.56060763684731,43.33072830270147
76.99935530986109,71.90688091018578,-2.929448690002268,101.52893306920132
21.582102749684317,53.67213625008211,2.052972024501663,5.978108658177945
62.28904758190003,60.802575413069135,1.088769654216672,82.56061106857331
8.5347464993768,83.88606493387516,-0.37630072492499606,-163.9910097331612
5.16817211686077,130.25856795798128,0.018819049740598424,-289.0182415486156
53.1354631568148,107.20486433693009,-1.1716543473175618,-65.66234678717612
54.06351216101065,101.26677259564164,1.6957228778108653,-17.33917785562432
63.742990149820656,79.34888232081217,1.8972886947731116,80.69881132796402
72.60913337226616,143.17537194328162,0.1566937282465246,-37.483244769413844
97.58520794625346,89.70150412371916,1.0235306441853447,139.47830388912544
51.630034830119534,58.70927667957715,0.17528677893392386,13.951079715167971
32.2956472941246,111.70665161178013,-1.3367254388759306,-146.51201799076435
79.51861947687037,61.38383934766014,-0.4118233689636573,145.02323851393015
27.083225126207424,84.52231428016921,0.13192796677195706,-84.8501700532259
43.89714207056361,100.7411938717809,-0.4545477187434442,-79.06957140856069
7.845638134226595,137.42225246851757,-0.218653277435036,-274.5607127420173
2.535074341545751,99.35465803401186,-0.09139955750911445,-180.31258688746217
96.26484146779251,120.22587660316643,-0.08087849786546131,79.25591501090321
83.59801205122058,149.28168389990702,0.05225849049748321,-42.7714459956103
69.59742060936979,63.148911989798165,-1.060605066396601,84.05335874935236
40.89529444142699,77.47315255195196,-0.7170161491279362,-37.874613714133815
17.329432007084577,89.45760755976464,-1.2845842656999693,-116.2647680270731
15.643704267108605,92.18281785388314,0.9778155496862003,-141.93709303732476
25.024289816459532,91.10210752655458,-2.1056469418403245,-134.2919785096291
54.92266647061205,140.7611002556555,1.1535903433169254,-115.55545590085673
71.45959227000624,121.40326444668564,1.3863493972628433,18.86455228378112
66.01973767177313,110.79052140907038,-0.3021805869826214,23.50487397631839
27.993389694594285,80.93727178627822,-2.6031370878272986,-97.10424388837731
95.48652806631941,132.37903842212947,-0.3613105619672905,41.011316159468684
73.78969166957685,145.5060511484989,-0.06418416128881928,-61.75557663258212
55.43540525114007,132.11982825502264,-1.0105982199289134,-154.43182175706363
61.17207462343522,50.15651051914729,-0.5152183938082427,113.50877138751316
41.96000624277899,113.64013701834071,1.5301951988633513,-85.16299928207275
24.773098950115745,55.113538144210075,0.664927162301741,-19.327824955625164
35.597267865126156,75.76072203337219,-0.9245641143780999,-65.55803597093237
75.78461104643691,55.95247003477717,-1.5975991695954321,118.48557531052325
1.4393488629755868,110.37954529493877,-0.3270173176097711,-249.28795053461192
11.607264050691624,118.65899134926067,-0.21345677935043825,-202.12646490299642
4.600264202175275,61.44876380659051,0.4961991873633163,-121.6995605253144
4.072880231897013,88.38388830449796,-0.535316712567659,-143.88943414173661
85.54605840110072,95.62365089555419,0.5114995753618614,102.77141656755266
70.36578593800236,86.90530217609165,1.9351540400602292,48.92647319629425
47.41738290873252,62.1025000485193,0.8155010224442626,34.91942443322485
9.783416065100148,91.89477901874754,-0.048088507330772585,-181.44094512983014
49.16158751168324,125.11780478084181,-0.18315047105329468,-148.91276833389412
47.34717707805657,57.10076645332555,-0.35667313417987123,68.51612103635884
17.320186991001517,58.018001408190344,1.1806409124521446,-41.149688660591934
43.385164923797305,85.47712918359842,-0.6273134459513029,-31.81059507215277
39.85047343973734,144.1725711618925,0.04522270899998256,-173.94269922108893
61.585009805221645,116.85726467229141,0.05119790188108534,-68.66682031580325
63.50936508676438,117.86699566725648,-0.501784192811532,-51.714797383512945
4.530400977204452,86.1919990837865,-1.3724655478841008,-170.6550345472755
37.46126146264712,109.36607912085384,0.32297450361766816,-127.28561450608692
62.58599157142364,51.01311840277434,-0.06100397185538355,55.57668397030909
50.31362585800877,113.60960464095422,0.5002404694365699,-73.38315516832142
85.64898411883223,141.32869475762368,-0.5336003064391669,-19.322838195801772
65.8693631618945,111.25734683448192,1.2208212988130478,0.696089347195151
16.29344270814297,137.36985934663448,-0.8767737812118448,-239.38400602592324
7.056874740042984,122.39730554660937,1.7120402840178925,-214.70249152758709
64.24192782063156,62.055841640369025,-1.7476365098282616,76.02292676999443
2.6511310541621813,140.24533072858418,0.43477006455689116,-271.00244050601447
58.57755812734633,56.644384435577486,0.47543068252662346,54.77871889644162
94.02302414249576,103.39674725477639,-0.7955570679408823,103.74380614836608
57.5474177875879,64.21371237934576,0.4243939378610126,76.92050166734592
38.816992620652194,51.17066107309041,1.2795186697601588,11.287960787480582
64.32882184423532,92.2034260127639,-2.2168188393540644,-29.922261340445413
45.825289049151664,79.50407076541562,0.5027448074908146,-24.41183846648742
54.56167893159349,98.60004937976029,-2.4932708203300775,-64.11776942850209
94.14648087765252,107.71998867345508,-0.965664803523208,97.94044922499918
38.610263780077425,54.37390723089474,1.6291663649009451,19.514215297490097
96.11905638239142,62.30032951237456,-0.581782033392054,176.41118171160133
90.53506419560637,105.86423964504255,-1.1738799644089726,59.99992308754779
19.579113478929642,84.31673531726582,-0.19793772898468187,-96.57665112849367
6.9361300875165455,122.9173487549448,2.067906338163552,-225.2017810853961
10.077800137742665,115.22916485919397,-1.8316822472060261,-240.13370518732594
1.8221825651549728,134.56043629899068,-1.0513099116393445,-302.3685299701516
9.44429607559284,119.24928266692253,1.4974316831796264,-188.47786208432794
68.30067734163569,92.99310773901482,1.8577023435377324,38.06112257320477
7.118864846022898,117.29666223944324,-0.10343122429028392,-207.86077638979572
31.89756302937613,77.53811742554186,-1.2390527025266425,-67.12298878021198
84.48753109694546,80.63134987782126,2.095843501809159,136.06743648668697
2.3271935735825866,128.89851599207933,1.5944423917491968,-209.46912379885788
81.44684825889358,94.64195164015823,0.678946987762233,62.52835537942979
28.185477477339994,129.83803405183525,-0.81240234893742,-202.19224242406193
11.816482762165625,132.24223736682785,-0.049029340838036735,-274.714150731102
69.67371653641507,135.7562337661284,-0.16036008104483077,-37.36006780775464
62.8942846779884,141.66352358412072,0.33085130461557777,-54.43746379291689
87.74720135270529,93.09852205132962,1.451001438131336,150.20692623094948
73.50710438038858,81.88668183211388,0.8794170411374032,110.39731077500363
80.34809303848486,108.21987465941139,-1.0773760769847582,28.40843125822504
28.203457257130648,87.11724234376275,1.3764964500195378,-86.48568780592235
17.743954377972283,110.1074166800233,0.3131321400131553,-210.42455042289805
75.06147516408583,120.55858626438246,0.6870657958589163,45.074401954884024
80.6834739267264,118.84050184921368,1.466540859278603,44.9880248310277
99.05051420006733,87.45528870201213,-1.1115802495135512,133.32022396328375
41.26176769114265,66.68602016987528,-0.035825578706462934,23.90982453794837
37.201808579278314,93.05293384622075,-0.531454551359215,-99.27996028300375
77.64129607419969,64.25941440819088,-1.5678594253654559,122.82767099247792
34.08035402530179,139.00970351838083,0.3467099776049199,-186.5255915616491
93.07573256035647,84.58774607378574,2.5115565515844236,177.5611309123692
85.84127518430118,65.44597472233238,-1.8400777445057528,136.79107052714292
42.89940273750184,52.54477599057509,-0.032280611049470324,5.208038469272044
75.08710677914974,114.58223862864843,0.6405429350747734,18.640905548146
75.45428740846823,113.69023174547432,0.12307820165618115,36.17956094366437
10.31238688359326,84.06041665812916,-0.1131280525157404,-150.55517119754484
90.25529066795667,57.1711888847651,-1.2992163634458243,192.6270405886886
50.525237244785714,90.9628894895232,0.23278674294016363,-41.862748804280514
82.64574661077417,81.12174950633936,-0.7567639770159263,102.6994085882067
32.00496010306117,117.71206397350093,-2.1899217049785533,-181.33860653254504
89.55232284962005,110.57792494526903,1.1945922205137307,97.04723410130981
38.92016787341631,86.45937281975401,0.9583858198420424,-43.776343202841396
1.083765148029836,71.78925542549901,0.0516609768510798,-139.82510062275037
90.53819764192636,148.80359661555917,0.22907468820570256,13.560734597726416
9.128667678613356,95.40016211961148,1.0743180127155614,-153.35446815841513
31.93136375904149,118.82742357802371,0.2243396567780826,-141.95479346135326
95.0061967050805,64.05529675783608,0.9040175547613144,180.6759659779274
95.06071469375561,98.55896996593978,-0.29748220087385013,112.8522232810006
57.34378881232861,52.75367198694655,1.3119837385739466,87.10321181729051
63.183721216979926,100.54551179104499,0.3207857259326839,-3.73052355562693
44.84455219783198,146.40174071177023,0.19405194360587402,-170.67806045242887
29.321077169806454,88.42067129858003,-1.270061088712032,-124.20082914531869
32.8664545369916,53.899601257491156,0.2869558543017087,-39.82374512667268
67.25184560770384,53.095579091934354,-0.8319549174944512,96.88877548320802
75.237452943768,88.79867599468695,-0.6382827265284942,65.458759888075
79.15790437258485,66.00249364631941,-0.8153756283161211,96.72988209043324
78.96181427945538,52.33520963281859,-1.066234931899225,150.88018419633315
9.120610304869036,125.62136139501769,2.1247714030169615,-185.1917764856084
49.442030470258146,95.85230088818906,1.3313390619884031,-4.053433583183633
5.755876001664428,78.92447719726545,1.9203675021442612,-101.4137786243053
54.95288823237355,140.00831830164807,-1.222895019555564,-120.08958410721948
44.1530501373377,61.613896020052564,0.07125374991089249,43.04783819540416
88.77041827582998,145.5918828955319,-1.2935076252040958,-37.02004926616199
35.09150125520787,81.39667173773529,-0.695694877197064,-76.09617754220044
11.706701642760587,138.84036723086814,-0.9181269834165748,-328.4394261151631
14.299168205283586,110.29428764794616,1.2395840064415615,-156.48159456172746
76.15106317174723,132.67073597414873,-0.39622967810175985,1.4972847733682215
61.82180633162611,148.4013163210464,1.0683793336940164,-110.486325315616
10.112267612279025,78.84054378187457,0.604120889588518,-137.094084909207
8.410680611499743,146.1135485407593,2.303638752104789,-284.05327940219274
70.096913145912,88.94818949024204,-1.479444223139724,42.51180793031206
7.276300636419353,88.55119047369223,1.259233239786799,-134.25458351072237
82.18600592903562,84.03871042545057,1.1464408704007276,79.3748270420198
70.62422271564962,104.14076073475852,-0.9733788380270346,16.530088120879633
8.134878064189976,65.41450431784871,1.0071333364731596,-110.90193834425358
8.483771408519193,105.37114853580113,0.3361449630262288,-196.49398937934924
98.66395785011754,104.1704812410004,-0.22747625995340778,123.05391117916224
37.427079575612034,126.190181260487,-0.8239354869719996,-158.6270239036057
37.06421470668909,133.36499619375854,-0.7191094514491859,-172.94107173546448
81.27995672575025,94.0441350312424,2.049812095785926,93.80336907815906
94.72485773838586,80.23332493514937,0.000682818957482628,174.4368394523624
98.6001063822871,75.93348973170944,0.7821300015314592,194.24319414610858
75.33781852589416,69.46238367048718,-0.7908993816675531,107.36779770362946
37.62595855309158,55.76475821990249,-0.7798529462216388,-24.209177032026986
8.350071669866876,84.24479788347134,1.0819848092499422,-152.86505127086656
77.71469159274368,77.02476921307833,-1.3495762115515322,107.02454939709872
55.840424973580504,146.64173858664074,-0.41521376790527154,-130.5685436996522
42.42220092469763,105.77088262500439,0.03402741107223205,-70.6873350360629
90.6354385094736,84.72770390305075,0.11137260184005242,167.2670482213991
11.119748230615134,108.0467600993696,-0.17909328501615626,-179.8025648774454
49.262510429085914,63.91967013456955,0.3958197810959231,37.616876770701765
1.1353644767419069,94.40437492022029,0.6928557558178116,-207.0070750016244
46.86606419941263,112.62343214210638,0.73463754545933,-127.46494248121452
5.630327568183735,98.88978317924514,-0.9858038086678267,-211.07711304183158
11.881791626807193,90.17788006543242,-0.2841550979287972,-166.16686634575112
11.752624677710488,149.3848388899698,1.1947628618769377,-267.75750667927
64.92103021160635,138.0314762148927,0.8946471875738723,-70.57727459589677
74.60448792654233,112.34059581594401,-1.372859451481064,-6.169898755725203
58.336876509715964,106.93773611822829,0.35147990035220167,-63.15713128271877
96.21725484745419,112.0660479824584,-1.9782252493748103,51.6334773279317
37.48705795237041,70.13121078224333,0.04693490206036963,-13.081591051024063
28.571208628186074,89.51377432643186,1.897767016745977,-43.63525052938518
86.85991281894603,53.94595328908993,-0.9478927172689863,173.89916278271093
22.359583851945263,97.55460374868267,-0.8343230454915821,-138.1485937487268
96.32225394406113,104.30245839576631,0.7640297815728595,134.35234128831277
1.2154474689816341,72.77497361032096,-1.542801515209646,-187.49676967737187
96.98788267076391,146.40288471655137,-0.6327550298850391,18.379973538119096
4.315991195057611,140.9454610937242,0.5964411375817527,-303.81943597431723
89.11431136980711,122.21432354559059,-0.6342858476894031,53.98220828695182
52.77011090862999,103.33866287653626,-0.23596998721097162,-41.981309061249895
99.29647961193004,136.9969159647685,0.7441857103150346,59.55535690204352
7.379656473539886,63.06523438234629,0.42154608353656126,-124.35122909677841
55.38542844013208,129.0509794274885,0.2668183962954019,-73.25432404484272
96.9302535619099,62.48208139668483,-0.33912227927003874,240.09834402589792
52.30978441701488,129.42106625494054,0.37006111526895535,-118.09972305719168
62.93986381352625,77.5767568251357,-0.12373268009975662,41.588151378095276
69.57486889846172,137.7090581018189,0.45780560992578473,-50.23768109676593
45.454106476777326,144.4042093825398,-0.49693202511797824,-147.8410839841304
62.75580800840635,64.87959694051156,-0.18256897437954112,63.89359931071199
58.43143119231002,96.26756050653935,-0.9899577925520139,-73.83880766967644
90.11580104909889,148.0987378162685,-0.0350076100062359,16.421794259273522
4.5446380341457875,98.34074359731466,-0.8110008636288448,-193.3432890391876
28.096318959223034,136.3547522514545,-1.1140464501619933,-247.6427537072725
95.04114840765587,108.87315221313199,0.25866114785538813,83.55832020086791
89.02637838909163,87.53299079196019,0.21273977585766032,152.51079096863143
45.56567527857129,78.57835555258703,0.7828737349485725,23.392146977951104
62.013259780153675,70.32230910860872,-0.43112556957509907,76.79887394942656
27.738118298113267,126.17981913776973,0.4080528468367557,-179.95390827052668
18.81211597237613,88.6540506823028,0.5507975722736632,-122.02878149876287
46.36984049399822,101.12754622007512,0.44477380783159476,-58.35693797937807
35.33522280260528,99.23254800011819,-0.8256536828021421,-80.33006695378623
58.365611185087204,107.72790292331312,0.1493634822711889,-48.74496059067401
7.773463696498483,136.5577145624552,0.36414029605466136,-285.69443923679427
97.43948076661665,148.07393435834294,0.007178466907941942,35.55280350060354
98.62107444796028,90.7584208573817,-2.0864776583710847,123.75322898767918
69.81617140197451,132.7518922106303,0.16048962397348007,-18.523319607664945
53.60963663441204,126.45277946547176,2.212531039397242,-81.86732034923426
30.952761628632775,107.35289514555733,-0.3600392687569827,-132.53766351435777
81.37950197069486,145.60471436119332,-0.7280770978553212,-61.231145372625576
68.47311725538793,70.04745155284027,0.3733485597113982,89.4322562031945
16.26169393448913,60.92642103096214,0.3123782104665717,-103.569354132715
91.09271844938425,135.39619669554222,1.1927351654164144,23.12756507771683
82.2537242923169,93.91498166337483,-1.2578681559088878,39.97131650603332
94.9799913291924,134.69688542070605,0.7313802525749924,57.289088916195105
72.571950838836,139.3090205195415,0.5904220612514635,-32.24200979935761
61.34151959357899,56.24575936190715,-0.1421465369405461,54.92792800223834
41.82430362906189,138.34647629860606,0.33868731792169,-127.91259706598841
93.27284833540132,94.83190553694222,1.0294574815983573,178.06765433701236
86.60638895004084,101.04324890042322,0.8723153800284503,90.47049527922316
4.521867010618941,112.65925110932102,-1.1430193120737286,-256.2762962285702
2.6366974497252005,142.6382606730087,0.8201581867554845,-239.88753871896512
37.64633668780496,51.911609442976406,-0.06468860503251848,-9.469618383606118
81.0553330781833,97.68434683178171,0.07287409801551539,69.91897306125888
98.72761293149445,118.77220424305607,0.0731969910016945,88.57221128816262
15.041689110352818,122.27069576982285,-0.15024298879825998,-190.94909628630975
59.41307153521351,119.2532431537108,1.191707497107065,-35.299530091310075
38.08908566310215,63.443512940812184,-0.08371795984921201,-17.073786163190412
96.99143978146031,79.93955883716812,-1.1195461283831687,133.38386110175043
84.21189231357087,85.87155254170135,-0.39352985596972884,95.05247254113509
83.83287047111378,130.44372076795048,0.1786947168104756,-11.912739091391003
46.86931597949703,77.8759872414553,1.2292147842970504,5.964088235702068
41.48195023376652,71.07049638672032,0.6030946849488336,-16.42124298032329
27.340707193070624,145.74480190380962,-0.8505352787470439,-263.33219766589946
5.6375496650927115,50.88632851134689,2.4851899166788916,-42.26368396285169
86.47223762550531,149.78208556819783,0.2647753109779796,-34.17345391956761
81.29010091300776,117.68212988573956,1.2753907379990148,13.00583872738401
99.97176732861305,132.84692994491172,-0.15171443357722914,52.755612745816734
99.66368370739053,79.46193963461931,0.5333592447054494,180.70764954611204
55.543170560262745,51.431527766706,0.8394685045184047,54.71708640776978
76.89874151805105,123.78695185615301,1.218194711754256,15.629201689699828
94.47657298824281,133.4144597000676,1.057368305378225,26.78672579867809
84.96473906774115,124.04761319535191,0.8721970000729778,67.41438389186536
24.734810174319765,64.28502873008387,-0.3150867311941086,-47.52688466647174
45.05441353100935,125.34279222569691,-0.5717460419560614,-131.77915575974743
12.915941515149498,126.8922782107641,0.33260751032419755,-245.5344970637628
95.40510272587224,115.85405156700548,0.9331280723410693,86.27087266527897
60.617463445088006,126.61159327955862,-0.22272070077660705,-56.355775333321226
22.864280550346272,134.5921439677732,1.0651719657143865,-205.93589771744925
67.17006844058567,111.36041142374584,1.4526167454861794,0.2853257219336083
61.81282404578958,58.86047139696791,-0.9163209190734197,78.85604371255785
35.81627180328405,98.7627809667211,-0.8369207037962799,-112.36755247799414
11.355759219962902,57.7649334671605,-0.14037505890533644,-95.6055654837971
67.15731955927996,90.75430310324307,0.3076126681891964,-3.248570465863054
52.03077009037933,90.71064891256276,-0.524567013767051,-3.2268778119336083
77.23183917356393,56.600984414024154,1.3522026788671444,165.2872537917273
52.01635011119934,84.88205339694792,0.4240668615184512,-15.911740349571872
85.21815003185401,61.099809879131485,0.03944704824073949,202.2131134869119
55.190683877448556,130.8235210009222,-1.4359095238685275,-107.26311826179648
56.093797153538624,144.76880259644707,-1.3158158164275071,-156.04410527857743
87.66536026583451,57.23164752579386,0.2810092502818063,200.86397730590153
40.3482866212397,145.51152072917014,-2.132595626154836,-192.2713343611985
13.401522845064074,102.25765993367452,1.0126374096440718,-160.0435480902346
2.8782676313338973,79.95656779538739,-0.1581538443723203,-175.92716297693863
75.5137255673619,57.686207527616354,3.2430929695947333,178.82922709651868
62.03095513534647,100.06242680704179,2.3079162506161106,14.815000699959894
70.40797680992236,129.45155444907488,-0.18144906924751675,-29.06116261279483
21.296416150891073,120.70864772666981,-0.10633700253131496,-230.18382757608077
13.637147558676975,55.02260114639738,0.9955815140020298,-72.04136018626829
1.4544665667881929,57.29018353679035,1.7031726099180378,-69.47294274183582
35.058755880659696,90.2873282632637,-1.6380290574360168,-107.64811627923741
58.991768685463306,79.52904940479434,-1.7863754653546866,1.5667611051634278
39.22440450997323,73.23843230560479,-0.6220348055543814,-39.01871011196754
43.747492202372904,78.10044989087136,0.5827375831738644,-37.173513937646064
90.41586944937484,130.34827432968848,0.4968735905075971,-9.507540071991826
34.82554670233004,142.92280536318538,1.0697714549838502,-186.45477176148646
51.39894891598108,90.51026945275665,-1.1996975283653082,-28.50605839215078
78.3653012741143,140.6111002132497,-2.3161438629688766,-59.27740601021111
39.65427823212701,82.1495701247882,0.8580141953021454,-36.256509748025806
62.20867002278735,97.64369863437916,-0.8281962729652346,-4.5069372285230385
86.23637087467452,72.60289978159997,-2.018487864388638,142.37286932896976
94.9520623657642,114.0476042175844,0.14506374595938162,79.06920274249853
14.707348092903793,147.89811151748088,0.7931756882186773,-277.4500216728533
92.65876251614944,110.34930960433786,-0.12205713212127726,74.69410665800523
49.21162930795382,85.78140841135489,-0.45784838618248924,-9.469944593831778
25.824438829895836,114.78174459905284,-0.15936223214590656,-135.48738696387488
45.913575623826134,62.29206784653876,-0.37058276240078286,7.386263013614787
98.0032575285477,138.86590802653987,-1.3480471119401671,26.00460831270522
49.26180939928696,100.30839507798363,-0.7146806769904318,-48.64179420524478
32.875161028750824,94.9349742039642,0.5212799050138145,-108.43264073253168
63.34008543167258,108.58647884535192,0.3216785413765001,-13.574825690896875
24.014561877819308,112.47838627894025,0.16805980596682024,-191.0343623284747
7.586332810866391,57.177580622651305,-0.9951484818533795,-144.57100342512229
12.887972191064922,118.26172212234025,-0.18150316213566714,-209.54798946393288
12.804583895777244,74.19316803155296,-2.1770650464428547,-147.85707132524036
15.190269351229436,121.39526325065899,0.17847666388538974,-208.07326163086844
13.882717264941014,132.25347943841967,1.4288577078135674,-228.43746679926107
64.08747448032146,130.395850755252,-1.4741321320421057,-96.83403327412638
18.188008439914483,105.2500967407889,-0.5859276733177553,-174.65654606249922
34.56672833238632,102.01698923107512,0.32910677871012955,-124.82478545820896
89.67884099060119,64.28759613394118,1.2528426344274837,212.7911054767364
47.39616402628724,127.53461504031355,-0.4482246163001494,-146.2912320568853
66.75577385210272,77.14093804467143,-0.6922503292658964,53.09693607205176
17.231987120162984,99.66954228179466,-1.9689231424160831,-199.49570128448363
19.228901880867078,78.42740929275166,0.10343812930810638,-92.79633910072191
4.086861626647886,63.38283629996931,2.042076040143744,-111.3460911908575
16.893506307216455,112.95576968917365,0.2773584619646759,-196.9751710137019
27.85903390319586,55.43320348229038,-0.022278979183713316,-7.6051878906593835
17.70104842767468,124.86452341262,0.32208231076698546,-208.93884706968174
8.87025337570556,81.75867952611166,-0.01109200394860206,-138.6012392632429
12.06358711006008,50.013469300448534,-0.8130143722601298,-95.5637400287271
46.077876803272574,101.11291392372297,0.8232799156777053,-81.03938154250964
20.63337184057925,54.685190852760314,0.2257615231117544,-43.68884396212511
36.42698610480755,77.61695578208995,0.017613251933657315,-49.46364594432953
50.34172708548569,120.69764874557161,-0.97536602727825,-86.56374926476128
69.03948286293652,56.26896216218658,1.3035079319347591,129.28338352956393
3.9312139841098936,133.93384923560023,0.6647027453331099,-270.1466851359122
79.94103989090426,50.38199226585831,-0.552920837367302,130.95639766077878
62.79003894909078,74.68238692019023,1.0018248536819372,103.25087242650372
8.17590319488719,124.09040561520715,-0.49757083838520716,-252.6437792558433
87.35786241067773,81.62701497293068,-0.782003492511037,132.30478997859814
92.08724005318132,60.18923880660135,-0.7597031174802871,165.57015023241624
6.107795985486375,86.0233918800428,-1.7710685530880912,-179.42466367342595
27.687764814720374,77.03932863845256,0.47154238041820573,-93.9208176193872
80.62012797930613,134.2711902160555,-1.8311448783383502,-22.496262565940736
74.82596903836584,81.33479175851431,-1.2284438312657626,63.55042976517464
18.45210193563773,128.89324717760073,-2.0755880090785332,-239.15485702806353
20.93493233367103,139.18721448107345,-0.08606969279089306,-219.84082501582
37.0472102791382,93.38174195765296,-0.15032046027187207,-101.92860715697717
48.45229851910213,140.9943143854392,-0.32669621318636405,-157.5612435752284
61.825477153029595,87.73180539631929,-1.0425776946705763,22.099906838730664
36.891363956977244,146.40784164901083,-1.17223375343664,-162.73538582183497
46.25347161331479,58.9289524525573,0.46436986354657417,34.1255071932118
74.74709381337566,118.70192665032427,-0.5505519317084877,6.787792757495188
3.66832028905979,99.38140404569288,0.31635832153614474,-204.77581407062323
25.243694434402077,88.76488054556471,-0.8852486861242225,-76.93738164595133
71.33495858845524,113.27118787486009,0.18106274277108234,-32.65806417669319
89.52068376871993,120.38570916343312,1.3032780373160637,63.39903429751468
51.167744211566614,50.43632696503091,0.5861658003927833,41.477962750101746
53.211348526531566,66.69530887471987,-0.4124138182164804,-14.745529274422374
10.717201133977605,121.30460506343186,0.25719897035592737,-220.8386964047129
44.741236682345466,116.63854135782064,-0.24066517453021302,-99.62715842134925
53.261726645502314,146.60475051286772,0.007880184694728152,-141.7323447769477
24.247050363472965,126.1037790250783,-0.3256110521485036,-197.943629905297
26.924323094938096,145.07727077313382,-0.1643352058853912,-164.61222824603985
37.728416310462265,120.25405015348069,0.21209335307417523,-135.55202248092655
2.007119777772637,79.80522086394431,-0.9933586995819507,-168.27766644929127
32.20791655831783,60.536492225085645,-1.0158788269899783,-43.59865960325345
21.144800699654464,128.18238633449357,-1.388542553831211,-215.97522152459533
32.74973521779147,114.4149221475916,-1.60027110450371,-157.85614000858084
11.976213181925122,54.818601239329624,-1.2172826922204794,-99.06737316658665
89.0527280739895,86.00504659009783,0.15946250680412918,160.44604147279577
59.359245355404866,145.6799815484286,-0.8927875154918841,-98.122776553858
67.91023191444896,100.04011457102013,0.5136144642310962,25.468637234622626
78.91712386073382,93.27291360197046,0.03471374875256186,25.27242235687966
49.84421989290573,95.7699605159294,-1.9685042134380537,-63.14437010930656
8.69202880874237,70.88827240051637,0.6549755842216898,-64.92179132021917
53.71065418185478,86.87071708647952,0.8107986455917099,0.366465169359687
58.68411180208791,86.98132559871766,-0.9938626748348534,26.16119968285345
74.54394741843299,55.23550201874724,0.4201915428949916,172.4264749912735
43.16595462296794,126.75676285179182,-0.856498237409199,-131.9697411505267
12.758030279556376,91.6504431903879,0.0976703767483354,-172.8375979102858
28.377590579872447,132.21798868164234,-1.2644984069549656,-252.90923877526706
36.30822963986351,135.03480011198954,-1.7931064525345768,-174.2455568600214
64.59172413316013,71.19940546986581,-0.3828171896129687,49.309050479755
57.077830466891186,115.73534821701286,-0.12372894627483615,-52.5596398683037
35.60967258978462,97.22818041629817,-0.39767969361460404,-118.24134657954313
98.65152487929797,138.0156737921485,-1.1840305582225594,24.50079834318647
60.577481935688716,71.57406791764541,-0.3998990621311371,51.23362783280031
23.72267917359945,117.78132003100443,0.269294752580734,-168.02470781391838
10.178247262040374,110.77521222527226,-0.04489303012253698,-230.82697552673136
15.285913918433202,79.53014775718327,0.1825010305992134,-95.70239707006782
24.595772838450813,63.66009036511726,-0.6701152004542329,-72.60604156786191
16.06813732595557,115.16397604772766,1.1717179147161596,-218.89447672605968
18.656702405130577,123.85974581323308,-1.1761733365547806,-221.13518413597285
28.50951686938471,81.562734376335,0.4875602970867186,-74.09159743369412
17.33735952947548,114.48326040223138,1.1818910929599615,-176.1517149387101
89.67654246264252,89.51309076115032,0.4809080927488954,148.99082794590862
8.023374566164222,121.32068832826177,-0.20252422706483003,-245.5779223459666
52.451138957025464,69.9215274894053,-0.5282970466629792,22.0762629188922
41.03968269896615,139.02150026361744,1.036087651046256,-173.91122224777618
98.23786169086064,78.74095964655797,-1.422974925261673,172.7837255007259
11.203890216805235,86.7785987756153,-0.9701242603796436,-157.7143628697697
39.785559904574164,55.80919520803498,-0.3975577654917214,4.093098007532154
96.94704332753689,61.15122123212764,1.2376537575119981,179.065008641509
86.55071258939803,101.58619027123281,0.37976763604089603,112.12379572769161
81.707207094928,76.75926767279715,-0.9680457585102453,82.87077907787065
25.790282704493983,133.54802257421943,-0.31030770538490365,-218.468297438797
17.088758739006582,51.46933886549539,-0.6143231440962944,-52.398231137009695
66.8643219924431,87.90940486719362,-0.7097889922335351,9.595387771055805
92.93759891275857,83.73455467690927,0.9788895585567792,120.9842759259595
55.67628930139298,51.9327630917601,-1.3717431292635056,24.418550806354844
57.161268946989985,62.43683990005103,1.6087808557343735,93.21114114980912
27.997909366028416,91.36426749186353,0.8282296901846228,-105.63013369368052
76.94929331919369,99.28645844474465,1.090861670603698,120.34633659424324
18.704374855752338,90.42897472548691,-0.4629395120252583,-157.9949288338081
32.367923640424365,103.09376784120938,-0.14994071907910936,-133.44698416854487
42.54364386164168,109.51316749056815,-1.433151814524712,-117.66559251445923
50.7610378684455,50.99238211278356,-0.524662407066803,65.09646092353715
24.240973241508023,96.40951594535039,0.4936548476431509,-131.7250470337675
11.483682473920354,146.34992408875883,1.2960630617813962,-256.569669438684
61.06200424416326,101.90322801295487,-1.1071568168024517,-41.11342274172693
28.863055324025577,117.75422674589532,-0.36550593698526584,-189.3254989460045
58.123822142261226,81.18638579168832,-0.15129922023252232,-12.653958234307431
15.436271527420232,127.39913781527625,-1.3957892021924851,-284.6805282283058
48.114010185481746,127.2921481876115,0.5913492417584003,-116.09157833547636
53.258943255158584,102.12960476541389,-0.7239903317426091,-51.53833865614604
5.182353682242691,147.60138232792136,-0.19539035117702397,-321.1674472950115
33.660427819392055,62.55502147626534,-0.4519493719118777,0.5390723447128885
13.441467693897424,51.6947664889581,-0.7893385057196743,-50.01613021210089
6.337497047276774,127.0158211757096,-0.0070449854805546995,-264.020076524788
98.99602323899452,130.71555373648826,-0.21560957856802238,20.87734506668715
32.235384497472296,62.02072291205762,-0.37185788227866556,-38.67442564926145
80.98744458546349,76.5582832958606,-0.7284616216803428,95.74678870308423
25.464065476376383,51.75523633666289,0.31952467078295543,-34.68474331107264
68.15027222239293,79.33086107805647,1.653617268492285,66.57985301360895
76.02278598896865,127.31418739186715,0.13988723283912738,-25.681846886822356
59.56387406078443,101.79605277125789,0.996118214911129,-13.247407052865793
47.15761885501584,84.80955931682881,-1.3902219251534627,-48.14240573231369
41.18409141472685,87.17392949063303,0.15776143929376948,-41.894260362399145
34.88682665429953,50.135362571546814,-1.0973683189710666,8.039786761031921
92.95291442478259,79.98005275652359,-1.4769249275319014,116.39693340341832
83.06194077877291,114.64587416379305,-0.7393714074590363,56.52346201091077
96.50269106665125,147.4194443816357,1.1918993344135729,5.754388401004249
12.429722348554472,134.70608269838993,0.9500158286696456,-275.7052077061275
73.08674752036443,52.35949646455291,0.24300472205439969,150.6583327471041
93.83404568210378,139.85606046748393,-1.5327005598899308,-10.939341428287584
18.123306616566015,128.31984132986258,-0.1962806513879368,-214.40905486644823
6.6496267366777495,128.03761235709806,0.30170000890173554,-303.46542554023694
74.11206492900591,95.79957590035715,0.1755362295785979,78.23764139618228
57.44731131799119,89.80052929545027,-1.8437935834807457,-1.4876425110208658
84.1828776758272,80.29157288331926,-0.8903178480198718,79.08590205863408
13.97723766262895,56.56948589543658,-0.06407776414871663,-105.74885726917202
79.52673118598902,72.8235363493699,0.5362909095171899,156.94000635947026
20.162732004774455,74.66036349780246,-2.1961278210999464,-130.39211395941348
16.36559428657045,98.40770697102016,-0.16212397547985843,-177.52231206269886
16.426579793099293,124.7444406596694,0.14304876987895235,-260.8352943596213
81.45747202313821,97.38098283979465,0.8496119885162131,72.34354560656655
66.51972206962002,55.78444494471606,0.6928575842374367,112.46743191095405
52.30654247691193,145.7789800988204,0.5825713188088052,-117.50528242473541
35.88304841235025,144.27243190941124,-0.7999405067019342,-227.78965438818776
87.72005408131082,128.51895431484084,-1.9080021371233076,-25.20726742410727
39.244510742263536,149.13279015642206,-0.39305275706140097,-185.64762562129064
81.65994394715771,104.4482332800263,1.00163182520856,86.17461027562103
43.91349085702184,146.27683502532062,1.3934545275244314,-185.60032080324228
37.69444294249076,57.560504061675076,0.7105491022977853,34.03321411200517
46.26797856696064,86.56807482613713,0.42934082280173436,-23.46759457538569
30.13778741641421,72.53812680067658,0.3796396483859655,-28.469119738686192
74.76093801762511,69.583308413427,-0.5561187467607805,101.61440985418832
50.27203900924791,64.0802948892676,-0.13006029355362003,-16.770673509316275
23.22126951468173,112.24136415659967,1.669069525826331,-152.00521023119074
89.95745732745685,128.1321855747305,-0.9425580057918763,44.73758869719852
38.38912213732114,107.82983994203607,1.6147787907098514,-104.59085286643116
54.35528611139886,64.69627095882097,-0.3220281544920584,36.93212435742023
90.6472110964547,131.11237699334708,1.3254321090950785,38.549660472159054
62.42379959139921,113.59547071637286,-1.4068150094975382,-103.48516469846808
11.689804070836407,88.81657061269955,0.5859042011646491,-115.19614757961558
93.98321236134751,117.4130295536063,-0.736770135947622,45.23736328936266
62.770805307141785,75.99049792428329,-1.4152671919241875,48.48075987178709
33.49056146570861,84.51922084942106,0.21853404241094568,-68.27400303760092
13.927207266338726,141.74858431319902,1.0094717885959688,-227.85456104370544
79.4025189270296,79.05045056714204,-0.8449414385934964,103.66953305951776
62.00727559285135,96.99882681579366,-1.4990159604584012,-16.060599454769857
53.34610919763215,139.01411373960147,-0.09184476433495513,-137.9084175291459
89.38925830509577,120.77213502675275,-0.08743532877718108,62.24636774885011
78.85972112245308,56.22032261647028,0.5483196275544987,120.33868436880385
15.167487973275119,64.73030442789704,0.9495945713644882,-66.90670771574784
31.172206779554823,50.78415907719168,-0.059415181272494094,-25.197473085202223
24.848913981446575,113.09217902291634,1.855503314794263,-118.23088852827756
74.3946292572677,94.76734254104184,0.22423474453529177,57.36138710875167
3.353243473577938,63.42748509022755,-0.3464265060068996,-118.38590474404465
56.98896848713165,145.79341210567705,-1.611567359102828,-135.76001424206265
76.24586857406905,102.96597239456199,-0.26265952031616774,2.6612636352236763
87.67656367617495,74.18932941128892,-0.33638694541113623,123.07299543975856
34.20817487159075,100.06035711547077,0.9603047962814704,-77.35333888842574
82.12573046720128,117.96203327351078,0.46248362406685406,35.88153602134618
11.063173695520723,57.623921797356445,-1.1793691216326172,-76.22541313007437
84.64522917345182,77.4703815047892,0.1722543864110375,135.61149792139892
12.748866233198243,130.69654908839937,0.6715311717290534,-255.5301022750474
39.72872905603673,95.96648704026612,1.5280313593878327,-72.71668895299129
79.72953657795536,104.65771420322949,0.8875039674140593,59.73979426034419
14.991742734877377,93.28160022094693,0.7608466543114778,-191.42083569089976
22.92513952326415,54.38999426430051,0.06008599461516361,-5.350301391425269
72.22525683930662,66.5749779820156,0.3883120054234496,119.04150215892452
72.00365365460743,94.55416387418909,1.2495049007061587,81.02936821594903
64.11476328852973,70.91854654079279,-1.3327773974796497,23.441016329130026
69.39484444671,54.99790286596787,-0.3494393272169559,143.2834791932912
54.27244433475962,134.36496640518237,-0.7725687487562407,-68.74508018674999
25.179905890695274,148.1192529164116,0.3791531187261241,-260.35872171895716
34.56959935039195,129.31428739967396,1.2302221756507876,-135.76757689832766
18.159771680142565,135.3784921704667,-0.5969742867210739,-240.22102586799264
90.84505613336283,74.19771303170454,-2.390304367469438,99.93100715736064
58.339179476612046,146.06269755131996,-0.41222074502447015,-111.41533445796911
40.08514167636399,69.69257044534284,0.9134737320174066,12.781142304440737
46.20058036441327,145.14298103618324,0.5376299029498797,-164.25875902803483
94.72833396118153,149.4819293965951,0.4281862478105761,30.289117074836362
15.33514031160802,121.17228057460487,-0.27999330187447974,-249.04122732803145
58.62298320167972,148.1143731791822,-1.2790307362197864,-163.3566100795126
50.5888678884466,106.95397795671036,0.5152943216244674,-50.35282276717999
61.14542354346478,75.95417831760903,-0.8342818100346248,39.07467756248601
1.8110183820840509,93.69958856656208,2.184096733380456,-192.29103294381994
87.21239089441515,109.35609353787859,0.570507208354516,86.55692315010296
93.21182824836124,57.3081562027015,-0.5806483025539511,204.9748584821005
56.51331835892089,112.2343264617246,-0.6113852473886282,-38.06997501477701
69.66508238768922,148.11778367622946,-0.09294420661358828,-85.4235065039738
92.24993811772957,69.01076497837276,-0.23950192202174977,180.70768659898272
70.72386343133986,129.2595116288383,1.1168337755299542,-34.582071879055135
15.253904291426135,140.78987937796194,0.18641616974404632,-213.4085341123524
57.62883601668132,144.3701592820221,-0.7316317389085281,-139.480657153589
60.67150463828559,146.01356044054472,1.8904406851557827,-47.869211294474766
42.4130671302386,102.14596387214719,0.04930833152022263,-75.08454330589832
73.64442356247228,147.73079079915038,0.7688396759688968,-87.07407832116377
93.43670147690149,125.73102071344388,-0.6082265074447593,71.69953153490307
92.55685129067763,66.16714362369619,0.3631156277445234,184.5304475905845
45.08393714041321,97.69001064679699,0.3111099911431952,-36.99066155247047
11.323804584075525,121.8331175372004,-1.889649292096153,-222.81891708768623
98.48411989623345,74.73403158190834,2.01527511046064,207.19141234412567
83.88980864459342,114.06151835488873,1.2906444609225471,43.74061758829093
12.466268120326685,116.66004790466192,-0.39719531614598763,-197.47785257718772
92.08418826173724,66.26997438085658,-1.1022697404558555,165.4931280227292
86.98963620621282,106.50853124527563,0.34756161380355205,87.33773049234236
51.88380571260721,127.16269109786077,0.08669769941439659,-140.37223490285373
59.127543574492925,99.8895664535942,0.3556689485632294,-0.31431986135266143
39.90027038701302,51.21031167761074,0.19157739619408962,16.132318122842218
5.476163882203133,50.90384690792922,0.5062409893059261,-54.693286973103454
33.519724164590095,85.70293439700121,1.4473056993918065,-44.29261714563737
80.28534485980114,142.61940684317818,0.5681032051286461,-22.28580107741566
0.4632023004602859,72.86767796036088,-1.0496554989099411,-159.45803858327793
33.34991716911442,113.43636888716871,1.362562852712452,-139.17848999028058
39.81686935909433,72.20758706933205,1.6406145634882874,29.37363064974361
53.73956029379229,82.16699896595486,3.152056734512085,78.66903901663122
91.98556164127605,134.8042089601484,-1.123494033239598,22.003535910708003
34.634599436596126,122.88614422699469,0.242882013150275,-114.89152776832634
34.69532018962277,59.539927731321065,-2.0820987031889873,-41.7581713505672
73.75012481097484,92.87020209864336,0.5531491563792091,43.400212460689005
45.221794088980715,52.91697636452645,-0.5482002981667726,37.19542330238506
22.460482293998197,98.0890146603009,1.9234457948249533,-109.25086550806081
45.24395161326934,116.24340117010681,-0.7746149700185819,-113.00753525284055
14.085702037979985,61.850262359815154,-1.6891830379672617,-92.90708663096633
17.63869865062233,78.88849389091656,-0.47126374070251964,-110.4040890483952
49.83677727394797,89.7836625502157,-1.9754877712171375,-62.81635036964913
41.89254495045479,141.95310246560496,0.7510994545073101,-147.7860632036316
91.48459010681,149.32550154229642,-2.0650830462563206,-11.700303631349904
36.23938991166331,54.491129899561585,0.02845758118315888,10.671341075425502
58.05883502780434,126.1007923495392,-2.077811819856197,-71.94097670499917
63.22642879195304,87.17240664023433,-0.3202978045366419,1.9621522480146645
1.3094456588333636,89.24581862294801,1.643378155804534,-165.9649511638865
66.35373720167107,125.42649733470228,0.36064789143579495,-63.499349144073804
17.803596686975144,141.84264321454089,-0.863493604964934,-280.65778988188805
96.10703174694551,145.09285945025482,-0.031203488939083975,4.239668759602042
14.866272775311295,107.71225860383208,0.018016872044446585,-203.59604916588148
41.462412372702374,85.71211593005029,0.47263034584340563,-49.68182465804102
8.534966807864386,128.75490858587793,-1.3668583632808264,-271.3400049084381
99.68742518459473,75.10013832623002,0.5925672738473307,206.35444629347649
50.21950103312426,106.40740288335178,-2.704391631602775,-91.79512981758081
59.53850173200438,85.85784615248733,-0.6298845523638104,-18.513865132486764
6.7076477388427485,115.66310737078761,-0.48827384245154465,-213.0634506243954
74.99604703991778,74.03989128935069,0.6333268260712385,89.18986939155228
20.990559309558577,69.15929457348258,0.02263085267686914,-79.63159049353058
89.80542894407138,141.82390866754372,-1.4055630538562867,-2.8184981640950433
20.513964048200716,60.18036829495369,-0.9849931258170151,-66.45565897031011
19.068772066366655,100.59579077349316,0.1986800095474069,-130.69964642349808
3.654966784809488,72.08527829630088,-0.07906734186455629,-137.00583905581914
47.206694510999924,53.892996332566746,-0.5791241096357465,23.641406166553267
56.48411332626164,53.60188182914264,-0.48083378951197936,118.53316220251537
6.570863942835237,67.52217721058273,0.696167997159289,-114.70241682500111
77.55276166950105,136.67703545060004,-0.5176925728692147,-37.378542409188704
45.32888347480276,78.24787439770267,-0.08809124402907328,4.903364507684444
52.439026932758004,145.04591705752958,2.169936588080543,-108.8760384625052
44.07627469382282,108.16222929891936,-1.423682636883923,-89.94220553929544
40.0763060875326,93.6614189768766,-1.8518427315746586,-34.46279778649728
55.96403313082179,108.00888346694546,0.7835896647986067,-39.411959586518634
15.52402459307125,101.66983852262678,-0.6786430612941032,-182.4812071673185
18.19281304952711,125.87762537573252,-0.31823752774262026,-214.1067351904436
86.17856210135173,78.24960659728522,-0.7811563781311142,143.09458777101315
94.61154621336327,85.30503916003025,-0.2598001407675125,110.74064358322181
37.330931627975296,139.40943025332507,1.5985381120963413,-199.36822256796836
27.074467314355378,144.64565131504054,0.8021284586181193,-227.18081811906714
64.39995432390158,139.25582274864746,0.8622235118869771,-105.01919397568486
40.87341710980964,91.94479939573137,-1.4162270557926455,-81.8804962947145
2.538635566034486,128.03655030068816,-1.1511537365528692,-274.2567296233361
15.615259736619036,97.63357333010988,-2.839078659485427,-206.3462161139747
71.59722288473975,99.75398521461022,-0.809380821082754,-5.498827122007761
65.89239419101514,70.46801090572839,0.9567031863856584,86.5475307741141
2.709599250348349,109.11303032585164,0.5169465157483709,-208.14473449086728
22.197216193294945,68.61358977533479,-0.2215132629521239,-109.37424222905773
23.10747965880714,83.15646990671938,-0.02230028371805305,-85.88640986001852
67.18927435987284,135.5030201619935,-0.6888855425754056,-53.48691544781835
1.9710537754364155,70.70758092108552,0.20475888240178416,-127.5286989452103
10.410858198457385,57.11582851734328,0.7658782794806148,-57.18843195131451
79.99160853731894,56.90075926128163,-1.6158867874104728,182.6703701248843
17.85446620543336,144.07845205031077,0.29964768783734813,-258.6073268856746
65.27461078518748,100.69204379618347,0.9324348709546673,18.454421707656362
23.81827810467265,90.94120718170183,-0.4151002889633696,-129.18645398798398
9.944139275934516,131.08785810079183,0.7007006121205837,-246.54225733964915
24.317219099945408,133.58259279105158,2.814654444472553,-149.96742573305283
72.22669318556592,83.21910331156046,-0.10434279298689192,41.76768125556541
85.56964681062857,119.36180574737952,0.3933070500053236,23.609868249706754
83.02198645669915,127.11228158518865,-0.7380570836613916,31.092981004509337
39.71835296184548,115.46506868659546,0.1812511626020504,-92.79567397998855
66.80851365706462,65.15950748000994,0.46027162498230384,87.81896465718577
20.498429541582098,137.5883083517057,0.19484234027013805,-211.91331155309945
29.314773026101328,103.90945527360087,-1.0196953197088567,-129.3717323578152
89.63358185211197,78.24724263700037,0.2063617713254507,173.64271257426532
1.3001923510736035,92.52281854376939,1.4621959387176369,-182.88737630382326
8.550853085446807,53.757109039890736,0.4486357645145273,-63.33865416609889
20.78862551460273,62.786680122241755,0.961987189071841,-2.9103968672514924
2.6532203873819715,126.55467505158609,-0.23701197001262772,-259.54215035682944
18.143543508979732,50.001163475536615,0.7499002394237105,-38.01459165461752
58.304156096969216,91.65658284822922,0.27926783821652595,19.661682159872807
42.1424550592498,102.25101810855884,-0.950910729687232,-94.26837159240519
89.26717110769748,55.46344200009723,0.31852100479887446,241.36009063521067
81.7443561738441,147.30781629723327,-0.9916966634403105,-44.287495125942385
34.1817351697876,72.6125331249672,-0.6328802748847919,-51.89896893402941
25.94234334312925,80.41987196362808,0.18932830729237413,-100.9460136465064
37.96924081672669,80.39425122550273,0.29724427338012405,-19.05816327163262
59.02949425148078,73.04166621173499,-1.189232465077129,51.36298782014919
26.806364082287626,50.14738220863114,1.0539857711828762,-15.909196287434924
62.4148907849134,122.93447940879963,0.5720062783004729,-34.75464726670913
40.941165219124045,146.68454997992853,-0.7047284356108838,-216.63033540927458
55.204718085198024,72.4293483285045,-1.5375847964491753,22.195510512454554
43.61265291353167,116.30471918034225,-0.1449045790814313,-95.62001574867254
29.44657595419177,124.18963269587151,-0.44594371386116016,-140.4670170386733
94.84533069621567,134.84253790905245,0.11314045705302281,21.020102552795855
76.36057941597608,92.26291970136091,-0.3631166611555665,35.085385425320084
14.011317576645254,80.29309056404293,-2.00745686074501,-165.588315548587
86.84679758979128,82.52951340230311,-0.3883469383011584,91.7840226898926
48.743119824951364,121.26213330985128,-0.30561911106831297,-72.49881784984655
89.45522268940914,131.6779466505636,0.6336610247740587,60.71119292991342
79.98552559473153,68.16139677566026,-0.6981996746110497,129.41660148797385
42.52135044692334,87.09410081577653,1.6786746733725662,-1.5696495830480544
2.24693083201174,140.194019674915,-1.911640550651757,-316.99982326768486
26.867735938494608,130.66935196947392,1.3111674978026244,-182.22605652410058
54.16342146608669,148.4858402762476,-0.2243189708781048,-146.0008155662976
63.347821982614725,125.42482596820807,0.8595848723435562,-51.829211295021956
25.788768543320227,89.31952010279223,0.0798014840587331,-136.40027061011543
13.935607407282413,109.06378339946377,1.1395555360254692,-174.48504692093042
83.4930236799299,116.10142542473203,-0.38736196455281124,32.122149095535185
98.44021807035521,57.84558163171239,-1.0986204251778122,221.20149388625538
52.56901823026858,104.44969591038651,1.4205042872710631,-29.72225439542746
17.16792858483035,120.93208284726096,-0.11348064588214118,-210.35171270727116
27.230732651936897,66.73213040010603,0.2215584736242106,-66.71139846236466
1.8390676547466733,128.0631717425557,1.2347519140447951,-261.511657165126
91.4298806560499,108.37727805141117,-1.031955242094435,86.01976277844895
11.775108289014113,145.22217856975948,0.5954908976392573,-295.18778468720615
57.651647551425356,54.24222982068917,-0.5898947564628909,78.29838833345845
27.4055220687206,76.53261375554669,-0.13216935564437185,-69.11325754753467
55.417800251579344,110.15538792998241,0.07227896538428889,-62.01805858395604
65.14203883518643,79.65599122059307,-1.500221861446936,25.99461052521836
82.97418037072016,121.44241640712423,-0.7788370428204348,20.06016174896716
20.64212717606032,125.9005282521931,1.3510728924131392,-213.8914084803348
1.0995828658480478,60.251596406647444,0.8861911885847956,-112.8445858733204
13.688563006880727,101.38544642067677,-0.06263957732723487,-193.6714948478627
90.00186418481051,100.88905555910559,0.24312345851289308,116.73891086259775
87.38900775625153,86.92807702155412,-0.29424250563645765,158.4338875508627
59.74131021703083,143.2924862569672,1.356583385827982,-109.79818618147654
60.051686043365336,132.75063198732212,-0.20035257779416388,-73.18985775077817
66.50366745462554,119.72093819096368,0.23184209213484805,-42.83964510522261
17.53712786234496,121.43266357349975,1.146030144142065,-173.49252742611566
91.44119459249598,96.17161438131191,-0.7773714848459066,75.3877464046863
41.87705248920731,142.0994521096576,1.558789184496894,-140.84948391549796
38.31385282494975,119.45954272532853,-1.5304614097433769,-161.47690254361953
51.89177052828376,122.89810616558164,1.6296421311127987,-76.59790718612585
4.696596677505505,136.16909037873452,-0.3726755839519746,-307.48117180441255
16.628336875607943,77.4071589342191,-0.24269874782528175,-98.07654865099198
73.80336164263704,130.7070903866703,-1.890010171182943,-64.8835419020662
8.279866792512646,69.5240602956492,-0.4547947173776929,-117.48206086377438
60.31521094663882,84.53419522448878,-1.0398065310268843,7.84798294384503
24.534910968132095,83.56104542698426,-0.6076463453734726,-106.32802244061506
38.929561404197656,147.85254683891407,-0.1373109657888796,-187.4401296408054
28.869373677069987,135.65372237479266,0.9577916144729056,-203.05395864324683
35.567271646494916,120.11698615902597,0.20760335140062577,-133.48854300230096
71.90459051842456,122.70567616153902,0.30767665340111383,15.397037080199432
29.7121715623175,106.20727944025711,-1.0955193888455623,-156.1805039055643
56.64046402968972,144.7090667108519,-0.8807540896027302,-105.48966069051062
47.60504021990997,99.62587528823616,1.798725018351312,-4.610082011165854
66.36711653626482,88.05177098698945,-0.7352010347632466,14.895901577356717
93.6829739324758,66.3035336931591,1.6562082520572956,169.48362505747724
73.25720972102503,128.62056522610578,-0.2430611988808665,-22.956403459218492
21.494037859075675,123.44439320755914,0.0022879361435040493,-207.27380364376774
3.1183135061284672,88.43550385241349,1.0703651602299298,-135.56829521830073
26.22640442998251,52.519341395922936,1.2718924219386565,-10.335060536708477
59.507793070025485,133.89973277180107,-0.1108125602790875,-103.45425011636769
5.1425813484250344,51.141798345407366,-0.3882430535215389,-121.33854239585821
49.636624720123635,120.3699779629051,-0.05592044852221312,-69.84687030136399
59.68428489168892,147.0257109726057,0.3379575282321183,-122.60567121818389
33.424389081696084,93.76613281482034,0.8913036868697555,-79.51051754876234
77.09122037458219,73.49734049959528,0.004229858994151577,127.28347570411914
10.65982531337718,120.48710100433817,0.6188862980231536,-231.25853767110894
7.513778173580876,131.7128142015585,1.638359732270941,-248.0049468879894
72.81887562036033,104.64303160778474,0.38130961226478466,28.133123060332146
49.549131620619846,146.70352752561462,0.3116528560047783,-132.54278109381312
68.84023964277361,55.16687216579611,-1.5189108250900678,116.19949844426205
43.48273386037462,100.47955983045281,-2.6307301368290634,-99.57503910907224
24.640203323910683,121.845394732255,0.38837572923016833,-176.6624182550416
81.91023176741997,136.2640471149179,-0.09482423128087224,-21.478915010128
79.94158789689793,67.925561190779,-0.514782674914742,95.65924813189265
69.46964708544267,130.00034817636814,0.24353020418634463,-35.269681999134505
27.21451372299627,105.27070757185453,-0.06040372919690829,-99.10496070290077
59.023066686908706,89.65536819899631,1.1277802506338985,2.9423430589062995
36.09738969400268,63.17150285790936,0.0861108682589779,-27.235927867855516
9.158207332663416,136.52957589089124,-0.7469232850701676,-293.1951295792153
91.73135754622427,65.72732081797153,0.990166238959289,200.85314357630295
13.68186309189614,80.97878592090993,-0.21713107494620248,-123.4684098698986
95.02373538208025,79.00455319624369,0.5265366836723071,160.86766979393866
44.600577295795574,137.14140341908544,-0.47741070619280046,-168.74355528141075
18.513292883861965,117.2702994208898,-0.6498268854974364,-197.8488666546166
54.190094737835814,129.66813971913723,0.08416823018569615,-126.05533604453568
87.29458358764083,75.0467898792499,0.01282864354368512,143.42492259497988
73.22248864095612,112.48740996069989,0.479827035366833,31.035166405233618
80.65611478614497,107.17459831437486,-0.26864575330974255,18.801845194111706
65.87833667107174,133.2830376788271,-1.8363597837703973,-111.6624679189658
69.22765645178525,140.60870604812607,-0.43277388358838864,-39.78133672661568
84.91956515653193,51.21567714773868,0.7938184671438157,180.2469802041831
24.966800885918595,117.40199190587927,-0.29737607924310644,-151.15538296577392
48.942496364314046,55.1835799119729,-0.24638340251454802,44.351074139656674
22.120944181960223,104.88586650773559,0.9863765059059371,-146.70093295992473
98.7668007996647,78.76327290436782,-0.7119732272589228,174.05312412656087
94.40593396866133,80.67765995221413,-1.5428032182428997,119.82190767808575
3.94268113685059,85.29585034523566,-0.16063111952549436,-172.80785510588345
70.55751725156884,112.12924490496101,-0.484173951248737,-12.204556219392513
92.52483174156659,83.40499656687692,-0.966246319753254,104.27358658272067
18.057534512733355,123.26990505902803,-0.17537845589869072,-202.99656339975388
56.79452305526295,90.45273855738697,0.49150564724678364,-0.566293797921503
91.54882975880419,56.83532003099586,-0.009288561567815747,192.1498179030514
3.394597858579884,128.37598424841073,0.30698107268623775,-291.6794809828948
69.742026724684,78.5758324592706,1.813407698515423,121.19234646640896
29.734900737255078,93.27668795992626,-0.3428788615575641,-87.03106581929835
92.43961953765304,118.54438832219016,0.2783486346446696,84.80761810285355
97.10582451653677,83.2456157148712,-0.5092133625991345,145.52900356033703
94.42664891134339,55.65856561467156,-0.8463597198869729,164.99717184848632
47.42142166574638,87.39210470128137,-0.5849076534177698,6.9216166029058215
86.20426509893134,144.44485826943034,-0.47875857152168855,-22.07329622182132
84.45493985350704,114.17343972985582,0.35947579754712555,33.02948413666199
31.910047324325564,117.1479148667207,2.3490757867007575,-114.21345771497624
82.89154741506773,113.22821536376398,-0.7160434362758403,57.20032354976383
3.700763471549262,69.89921389594367,-0.4166253056154625,-145.45286259851764
59.6269878482053,91.83338641022802,-0.06312301311124825,31.6012805938919
23.000883728770305,125.09397983633183,0.3957988487097471,-169.08567533179914
12.056688577727881,60.13728975531592,0.26355081195478497,-108.99574306814075
7.695320162920916,77.78527760897123,1.2840957939481172,-144.82883434322187
69.62887758781397,77.63191084658536,-2.4263920705352082,67.79769025510438
33.98749637680661,93.2018927594506,-2.3869298701956727,-164.20947673013367
72.47667715287615,148.0368740942185,-0.4958781720101493,-79.96064855561545
6.535634079894237,56.7502546683822,1.0973001875437087,-119.61946314786736
31.529033783061035,101.8700994380595,-1.5656480316055963,-138.95015686774377
53.949129237533725,67.93646820122105,-3.007632339693757,3.308997111160079
79.07231648389636,147.06765454097442,0.5711794062192087,-48.24882579246453
31.875250293206992,61.33035047274642,0.24365722370271442,-31.97204781904268
62.58913764370091,90.36010023615913,-1.0902084067994298,-12.575195827167477
88.5977748236187,123.78849848346061,-0.9855396007209299,73.74034454821651
61.58631881823046,120.45544280274453,-0.9697437196346744,-21.7980554153511
23.295947475363377,92.27286368939323,0.11053531747394013,-143.60044718327958
2.440078155653802,84.65241679527182,-0.626315276183007,-152.31586114056844
87.00988739009298,89.76123785528705,0.49406391897551966,104.01121196399205
2.126941085038714,76.42762631586393,-2.854626662904391,-186.65900125967485
87.47016726841994,70.53329387067998,-0.8568518651277993,141.13834107475753
52.8937134027212,98.303969755889,-1.1260539609110503,-55.59624898762144
93.90676985128962,76.85337560676074,-0.2563406783724922,176.70990823303808
79.87832357736654,78.74616648972501,-0.5380477584901385,103.46981927001961
99.79341105333374,115.67560634745571,0.7978437798957666,93.23801405683834
35.071181545171015,146.85373316998923,-1.8593367716600575,-245.01423415848782
76.71882889311269,110.3637200559375,0.045491476330752,8.298731491756978
40.193091360924214,57.69794670649663,0.5583364232117055,-13.503901070982721
47.98756203039088,57.5583613854067,1.8566474365619547,60.139017392396276
62.75054632183701,145.1423220845566,-0.4817659710934752,-128.4371680162177
87.36771141863387,79.72907903073336,0.32445860435251705,128.31639189075946
98.40834691992951,59.20669860824754,-1.803862792562365,223.53788642819245
76.82734138645182,109.90445871503815,-2.391956204313024,27.172315094798893
41.77667821673337,112.36487782902661,0.8447743757816999,-93.18215158952712
42.13570022770702,114.85048201186882,-0.005560293648070566,-106.9934070884806
73.75823015888915,76.74020278575412,1.1785126897984228,138.70797731385738
23.877714576830233,51.511068421447504,-1.3734028889697492,-33.07125599080198
11.047411313139467,146.50153694544719,0.5199021395287525,-284.99454948623867
35.462215764077655,75.08930456911025,1.8688178405438531,-50.91089881474129
28.723899165408174,117.60262880525475,0.4197056083572659,-146.11761584576433
29.630812045599008,120.66298698787095,0.27658150559104877,-142.39843870615186
23.360775104990992,111.00074170794858,0.008556080824349832,-174.98638857204782
4.209318963636188,81.29073942136482,-1.5708814571259122,-173.99176982277444
1.787393473341381,77.10962537640657,1.355572935710348,-157.10103521259677
98.77223897360315,109.76682827027031,-0.6108576398050658,94.42658983098562
42.77731337358623,136.60956336116914,0.5044832563830169,-195.5320511744368
38.432664715968166,144.67337289233956,-1.5630343065712535,-203.83306499729372
67.96472826930699,60.59058044037576,-1.1794596645077804,112.17006137683106
21.825388786506416,65.48286125977198,1.4350873992222355,-65.95061113783471
94.99611839502253,144.47362587830798,-0.34730228895784293,12.221941925029164
78.6345014415552,123.65352283347926,1.4532754760425446,2.5967454383758444
8.94110023122595,138.2993824829773,-0.07823065905851781,-266.53826371798897
41.75807757849284,70.26326341353432,-1.8418977729578574,-31.17534966535262
87.91183075621647,108.75858711094018,0.8920675997317206,58.55836118636633
94.47320222914102,120.11395944174737,-0.5898923177556078,87.1576032058958
46.74015112498697,118.01118854469726,0.6986888135170435,-70.46855745506487
61.34113892107077,90.81516908666981,0.025210867540082116,3.054587629911449
16.70339460920752,51.539489169130846,-1.5431182279428703,-60.40041113093471
99.11686261369765,108.2926056804263,0.16429476537056906,121.05647436111717
23.16717013834434,75.31015391796087,2.196223142152799,-49.78898701355723
94.27317741351257,95.02542461428904,0.4929864585144592,91.94493346110113
64.96466489923685,145.75810150838174,-0.05751775300546313,-73.73454288051292
60.773679487885914,89.90353176424347,1.0753434019568977,14.279563087319401
51.26885110165086,133.98016066644266,0.2106684652031108,-120.36524862719011
23.06698117177587,68.85406057492511,0.20953423026279433,-15.891521815787783
17.652803200550828,117.24604980250288,-1.0916251721591026,-201.03528247074928
22.048620907017536,147.70069544389435,0.23384802578959837,-253.15932605305377
18.643826214425452,60.18931008729368,1.0354434164169448,-100.91454373250568
77.95844735667534,50.8319942227192,-0.8360621521000247,180.4588396163083
35.01252591667301,93.35827926326144,1.4244958212469476,-95.50360887452219
5.784267656339637,59.26254830513672,-0.09170602414512598,-131.11850778555336
96.91026301408114,124.83843496762313,-0.8877695115385407,49.0366225233707
88.37858849634257,141.4548663848559,0.9976320769202445,36.428910293724286
92.77522831952129,93.40209727087588,-0.2867942357382693,131.82554249833007
99.49078226464353,75.8711642155441,0.7595148874861078,185.73957533011122
17.38952492194873,93.44033190066098,-0.29175863225853715,-141.45713800444256
39.62420189026587,122.3447817850001,-0.059826143529903696,-143.0797886037908
75.82384757040913,50.9054161580371,0.4935602043342916,161.12022678340026
69.60206180537922,108.94539894846972,0.2908970575900059,8.303044103656672
15.389590633985506,111.3291684887379,-1.9955317804517385,-191.64052334716447
81.58331249906178,113.76882468959354,-1.1212437400943918,43.38130447744547
22.444057183666068,74.20220799808772,0.9294099847908155,-65.5170099609407
22.38176148226231,121.40527233781268,-0.13213658890154725,-197.32375099520738
53.69744228934136,59.13914863317764,-0.5237313027714218,67.43405387979224
59.293993484170315,69.92703364668009,-1.3585740152574743,38.264393695264225
58.00862078378112,137.74700466544817,-1.0797363212758484,-132.44888810777323
9.148683739775487,123.87231507265663,-2.0217986399619474,-268.78244230846866
87.74608626303804,51.37455540113452,-0.10128071870153288,194.76501252680833
26.560004258870606,74.83762603698003,-0.5984375805810469,-59.46282250782452
12.951492128280417,71.44064829931645,-0.9665878909853152,-125.17564616251096
88.87480798689772,77.08063280369726,-0.0681234251679531,116.61922730953638
95.56514982297534,74.75597702798865,0.3639706308527381,174.78941489330242
86.21276172654507,56.252629574284576,2.0931979322099448,201.18998110271215
80.95160747248781,95.89405165968203,-1.5118834195632136,60.96163088482975
65.52419806390218,123.27334747861651,1.159381043300522,-11.875430477204908
55.08573706091393,110.67317247174364,0.973101561015072,-20.571419312688583
8.698675991141014,117.28716685980798,-0.7790927393767005,-247.26154596398436
40.845321307069874,58.114917853623915,0.20323595458603103,4.8152956816533745
37.2688517012314,145.14907101767872,-0.45763324933761523,-214.2672819970689
25.97537837603262,133.84918338430248,0.18568858041873892,-187.72117991955437
72.3420113688585,130.50903184956627,1.5091310134045506,10.144882022758726
49.58757350787708,132.29838050417675,0.605606232631313,-117.74550606348446
8.104621590764793,143.27105081327613,0.508608373233442,-286.5726637836962
22.018320194981133,104.42539661136976,-0.4303093199546424,-127.63919392414643
68.32587636595959,70.0282017867626,-1.4840566649243352,80.34911376503766
7.613085949030019,111.67836078525411,-0.2084682105404079,-212.406560915337
85.12069140487687,124.2881493667939,1.2066081548639151,12.736242739287025
49.51465270139743,123.79173933540254,-1.5271678565896476,-100.73765926330269
48.0586577326648,102.14490241668801,-1.055089368176695,-85.64710374434898
59.24077846595176,56.845871933357806,0.12626773623406817,60.86408002108552
82.46809659251491,87.11129384301279,-0.9846547848472624,80.21151223536715
34.780920790219305,142.07666084633573,-0.7925234471152126,-210.47652003629702
67.80161525590636,108.4448909757426,-0.4235985817281771,-9.941086455944045
56.5731963995791,103.83319432557134,-1.3656174041901494,-72.90264685012997
26.70282701694213,76.88535143821935,-0.9741218462163683,-66.25277093759536
87.8629986355158,86.84489199165789,0.7034279167873088,146.04973790085955
79.74260216069281,139.53460891531694,-1.307369782230964,-79.89757935639838
65.84518346584255,116.64630475268358,-1.5978721344948377,-22.57329355707231
85.05817290942419,128.7387026752333,-0.6300249795338944,-8.032363094300097
86.72942009598023,95.43454230676551,0.7319555025098458,118.05604302580085
70.83629767150347,113.0247219456158,-0.19692180799688955,-4.065494363389817
83.7013328363672,74.83836087432076,-0.46458107811561833,124.2399715042433
69.74714616692836,120.54608302834863,0.04435879751560705,-24.34473609138604
68.01407717603004,92.76013337033373,-1.745707432859652,40.76248645744415
61.86113782151843,94.25455148147455,0.49470565377503245,-10.690734596679743
75.27166395576413,114.93223245768817,0.38343503140364416,26.59106952699706
15.86051052930737,143.62806214689266,-0.40930847409572124,-242.53643131375426
88.08707591989284,56.400634660862096,1.0059245117964166,208.60941619450068
87.1843527745232,132.47432373470076,-1.1274960989530387,48.92073979142752
2.9247283034559146,79.2383110412193,1.127908993253569,-163.38758055054507
82.58167505647627,94.39194545063779,0.15449366559525113,102.06461581408695
12.886986747344519,52.1913328775009,-0.3365525898781734,-75.20381732040633
33.51188542591419,80.1046077834313,-0.01987363536831157,-34.469152959478976
74.35082562916078,100.26312426301305,-0.10726476581094174,38.42258875089718
16.07598960483082,55.6176077347439,1.220282896417717,-61.64746007260094
81.79670241190622,99.10957293831652,-1.0766791274710135,83.60205078009785
83.21341779577419,142.71106288584275,-0.7625192391465982,-40.17380723548898
50.746773376083624,60.53932181078052,1.0363028920724797,26.535712575289203
0.638587171683358,126.44407280755044,-0.5955349351838592,-292.2341920910344
28.703813317491278,90.96710533759926,0.9005330773315916,-78.27829542641234
61.69269183757422,115.5173714524338,1.6994359830087096,6.621339097984308
98.11861780274235,76.02365979852294,-0.40179502694163366,174.36774798936165
63.18135270166684,65.94922625413582,0.6813623265753054,109.22400130716869
25.98035810641598,66.04626142712264,-1.1536922813398585,-93.07094301016437
63.40057030996113,57.04919456431446,0.7547332980678092,95.07583172769216
53.99853797158555,68.5646704901243,0.1994239859867671,34.37534533906158
77.98453951511436,116.42193849889682,0.4730382821602152,19.256817877479
10.698063882695841,138.16906118435082,-0.645572072035395,-271.30254397148644
76.1027902502028,131.41256855911618,-1.6610834155671725,-25.540499962173676
54.12665786761103,118.51343098744842,0.5032520647495048,-75.1498617516627
96.29920038589947,61.04318634111027,-2.0634031524794545,184.89873361447349
34.187216603868606,78.91874462959498,-0.3173504922425348,-58.04194280047523
63.26218931339481,80.98068753224689,0.9411818664199697,34.15417061231538
93.20281055100175,74.99569463976212,0.19189773587303607,160.86495229813107
10.250972799067926,101.5005659709723,1.9483426447898131,-170.81260448944556
93.72284872364511,103.55538148796725,1.0251091525817735,107.15761148498672
68.78857223008133,85.68859751711102,-0.6538983883255765,46.341293516013614
6.78370591051719,85.37891587364359,0.02731337985143867,-162.30403962442367
30.096356694681624,132.85555979060814,-0.04737070254443595,-196.06459371554323
70.81720886452815,128.92928483196857,-1.5821767633461272,-26.15166855851831
6.73506014687717,80.77958316807457,-0.9403989164843533,-186.93597420459784
58.217046017627325,141.37884438732593,-0.5607609069798603,-127.30080782961798
34.588305695295674,145.2815017002506,-2.0362205028559366,-163.32316635110476
62.091551776747714,82.67425420300408,0.047493468251642953,15.152179554739828
4.5742033812512854,85.44249487930549,-0.24907184465304072,-201.52958884081818
87.15368061523763,100.56341534219588,-1.6728939013115742,81.7589642874094
97.3488969177397,144.11208125336736,0.4042128652773321,-13.825707968023444
96.88778552856915,137.63194331423114,0.7158727446909595,38.77022330614433
74.96518317429248,60.25679625835898,0.2270344788648889,175.00003263181253
13.008624013063198,89.27307432714161,-0.3240681752089702,-185.0099796691481
75.82631959290225,105.33711897497719,0.5914421517518549,-0.07441136704764517
2.458691645880151,100.31324725515401,0.6802203604766911,-235.26514363514536
2.2123551528997254,69.38630679368927,0.3074035697196884,-123.86540484683076
32.36102191495412,135.88167711681547,-0.8246122504347609,-171.42670105928596
48.864319040466576,117.69407829968374,0.2766007655111807,-95.3876239021296
77.04074178077931,133.79083748518036,1.195480650825479,0.9218083536069717
68.32953766065052,135.87642793494723,-0.5966290586117302,-37.93594368048462
44.590270637674834,124.83558536657398,2.0979393391324312,-61.84601889468003
27.362666628166586,93.92106012497173,-0.5256309339853844,-121.04001403980557
99.71245001577111,111.05467550154245,0.032407013340136216,58.967924731807116
42.6181302235973,66.03654061197432,-0.6724855960063362,-19.259367972010047
45.13870243296755,117.36454174749078,0.22327083592026087,-106.51990886859585
16.362382119166917,67.92532557392808,-1.7422216926352752,-114.76837170347814
79.48095487499293,119.39495905101568,-0.5460417988167212,6.296826141899191
69.36822257814886,72.95981607539687,-1.0921212003485672,93.73386361277562
22.07696127887604,61.755130015022,0.1353383478922909,-31.74996954430772
8.238104561584269,66.52844901429575,0.9944473755089074,-111.01822118931229
68.0499302074713,50.199213521907026,0.6460061871145515,156.16624537013598
65.45112142811352,121.87396178535302,-2.3716593608588923,-55.60715720534646
27.32595269982093,123.24010490583791,2.0420696529278803,-153.77658035693992
95.08635622504103,101.49333499132595,0.2952799406208684,130.6005923551344
15.105789178090024,66.13628010553836,-0.7764991404930003,-98.949504549041
43.23348010426019,58.35543375106897,0.15712791899094083,65.66272884442354
94.36159201675989,51.9128966437287,0.17618982250269238,189.05087433159218
41.97273169261223,66.57481769652208,-0.6668487169515637,-16.531943159561756
63.85259476640856,139.08555349831465,0.1979166673420755,-83.05534727952059
39.75943979627943,74.15368417016818,-0.6074722876203072,-21.265734954435246
27.421520234867003,85.42713272172156,-0.40436199269002276,-70.64878135059138
98.39776479598282,60.53454844813332,-0.6862791357550845,203.86540749777265
40.9334006315043,72.23613047481703,-1.4326712897396527,-58.4238907218531
89.40992036791344,101.92245707802051,0.1458364702153839,107.01395834730586
22.995460589108617,110.77526830956526,0.5852994365163381,-142.26930853116076
21.31047040250833,74.5352314166211,0.5148835960763722,-123.07919993461168
3.113408288451136,55.773215922511724,0.8199252526352343,-103.68097616701046
65.1666825375885,89.10328691273986,0.3243402100148682,3.496723160074783
36.852634372376116,73.42033709263342,-0.5327254982169035,-51.1607982326874
86.4358249839637,71.9553923229802,0.8396638644311888,134.56398443837236
47.32099066915572,145.98628027134552,-1.357517539841935,-152.9362306884948
96.81934279147217,111.63004859257241,-0.9006713825124801,86.61148252481212
18.552551570312115,105.6878443172096,-0.9642000714232447,-202.93314773112172
86.86231679556109,91.57751035233218,1.0800560591393102,130.9494658598729
77.65968527917417,92.89443334301443,0.9427885141400756,48.19291378531031
77.0921844644052,104.09050038380809,0.48730523704499484,52.298872960909215
84.47832281168877,119.64298070361072,1.0719298652117972,26.89865755925395
76.10239909429988,120.21460961818295,-0.8792827824119881,-14.220113804683187
62.62203216314154,67.16939077054496,0.3485951198609804,84.97581903517394
13.124487768238758,100.01127520766269,-0.12517442838316423,-164.91185457066334
3.2526179491251916,91.1958095034102,0.8468821038849139,-154.03841557559596
92.08478478156869,137.05269662693843,-0.11522423255219759,17.98349783727476
61.665031452073805,113.14189212183764,-0.3849428884100812,-30.804964210618504
79.65372909761763,103.25040664159818,0.54090851856099,48.29149596766908
48.152235151255006,61.539464217891734,0.8761691671912328,45.54749107439899
11.730818896239448,110.56378893234114,-0.6683451948468017,-200.07620050261025
12.518579220255043,61.72039056802334,-0.0610756713523761,-94.54678564137
68.55652872289714,83.7206575565752,-1.0584406336416528,9.102987887408062
43.030589489946266,64.28419648143318,-2.4980610174929394,-9.169361292652551
20.052472670033673,119.20736470243689,0.200459631413729,-182.7767221389969
49.15945467414369,70.62521138361527,0.6089053562546319,9.1682103511366
6.420893707513409,89.1859373188026,0.2620668090867255,-196.80300675565186
58.19714019143988,139.56747776187785,-1.9495617177543672,-93.33649457355608
26.899340443509768,70.43163833989703,-0.35084943007647457,-54.481496878366016
79.75591006371882,100.78050639587792,-2.2183477600510813,30.663472933139396
31.036195892357377,91.9271661166022,1.3697011076541847,-102.65672641968193
45.52201490818012,51.81240410457298,-1.086054582118086,18.04292075896209
1.1620539908100636,129.27581135728127,1.2554036094598964,-241.73375198785993
7.244688779455888,56.904590631459975,0.9458696436841456,-87.62175340691395
39.24935564066848,97.42550209769536,-0.9005903525360617,-96.98100473796485
47.99388347171235,106.06782949389499,-1.132784951267745,-66.50469762376011
60.00205481193037,112.8426456614587,0.35037021638633825,-51.03089019851595
29.166257870930323,118.86316293078755,-0.844324037183071,-137.84343566569967
69.49818861265426,75.32723835227151,0.10248464215820753,105.60459288880915
86.01223971892045,50.99787766584494,-0.48282759080691834,174.687750819238
77.98509888933498,122.3443662354912,-1.7811584144656334,-26.594748690681776
3.9618825348357145,103.56565993475786,-2.230468019124459,-288.6452071496325
48.0506947257829,133.61177032072487,0.22668424849459717,-153.133236111436
10.493017841817487,132.13883629006943,-0.5615577463306254,-286.38485035425293
24.204501586252746,134.33261677878832,-0.5530898169141323,-213.64309271084332
98.66625932671465,98.50946599795401,0.6958638390937854,129.0450467501131
14.249554290151323,83.36283958368656,1.1734422766324448,-148.69709405056122
49.888815345135605,129.155820259137,-0.2725447213618092,-117.88067892503604
61.81557343181191,95.12941130292549,-0.3405987069098615,13.77055802875395
70.2464970544104,68.34421964034345,0.5001430331138838,111.06367381113137
55.96486834869141,135.49740195614743,-1.3569355696995753,-153.78000639727782
0.9770847419183659,138.2559876772347,0.223153054747697,-301.07711535540176
32.64613082439919,96.63097561401702,0.551885971822154,-120.47464428665099
51.771164338471145,57.56997273097875,0.6802302084176292,79.38201120347753
8.786649914483336,88.78260899169312,-1.936752702502465,-168.2530637789879
35.06269312091808,130.35376594626035,-0.7613552698089406,-189.63295638313812
3.3203108791366565,140.17740285462287,-0.8782632528234666,-320.8727347794347
7.857849715502074,70.34727424975958,0.09988695440921298,-135.48800081108786
39.69232762015961,56.697361202527155,0.48074457976798396,-26.059470071948077
13.271575404306034,137.73504531328388,1.4967104074459814,-234.8801182308821
56.75408482615582,88.94049389788754,-0.4949654803680731,-7.436335414290569
68.94649691372658,104.17609642675632,-0.49757249830921385,26.553103727444128
80.05866991090829,146.80658120507587,1.149672018878747,-53.24059813345148
20.01502442448101,56.65647279142229,0.2965769385303051,-64.0083442351411
16.748258225906977,114.83180074520956,1.2676515111879738,-211.46504789768926
10.456784033440025,57.41054225748671,0.2887280030098363,-106.90298008921738
63.64302495436367,87.54689284665004,-1.1571166187132709,-5.063383030854347
70.64757264869012,130.3814545193447,-1.3331283547778066,-32.98450564299206
3.1586144825642037,93.34722327556344,-1.551512249058929,-223.78909998288196
93.62122462436898,149.71823539029504,0.6620518347584732,7.398200369119307
5.1971283651472415,105.90592849466022,1.188596823087008,-210.53239325660317
54.12963353010704,82.11621526359535,1.849362141386381,1.9023598690724128
70.90605194509165,72.01113259047531,0.8431053323232401,94.81173496857464
87.09691237460856,85.05205342861618,1.1628385775349859,141.33512818079612
71.40869321324278,87.25332737595508,-0.5800163326536847,28.017754841844656
80.17280830697918,56.8713677723961,-1.1564158167438567,160.10591762234472
33.94501925428061,86.95741994267732,0.8500793324175533,-80.99238158928637
81.48251137465122,96.4238519739225,0.41768075223940065,67.57344446958695
8.011484638467515,122.27377522388046,0.10744437434089255,-229.27400305429086
89.48166560605276,115.6729484721608,0.3873714806329899,49.31033464437103
54.75923761537362,120.87656552291543,0.3231854824582059,-70.28776048530692
81.72977699624937,50.83636818768571,1.2838168598535613,180.758561496738
45.23182845183001,71.7667399580536,1.2949855848169558,15.961787655933026
64.35776951965249,116.16842883998565,0.544220352340347,-72.4909287162512
52.640266093611324,98.39893681797471,0.8458028725629282,-60.37233725043713
73.15895217553319,50.5313475668346,0.5140625524247758,162.34733361251457
8.162998203058958,130.44946424318223,-0.4611697320346189,-242.28639683165977
6.03520839905638,127.28095732903374,0.7565646749131401,-269.53896404867595
24.710323401014644,104.84191629935626,-1.3944950688592617,-162.99160168704788
15.954468011318834,56.64633257762721,1.0538915522958832,-52.34799305015908
87.17835665922017,126.65150495325847,-1.194522939766035,28.410060045615666
21.92139873580443,108.3713587731364,0.28580328679473294,-199.38760629105423
97.58652558191314,128.1959977157959,-0.8451539584261589,33.34930003811585
33.68957917711069,125.17469923958404,0.5533889830744267,-158.5885089734507
18.211791568869927,130.3002071957837,-0.03392522592790888,-209.1956336542375
78.96985071424791,101.80080664046248,-1.5947559581633324,86.45375298364675
65.87077755008761,64.0324518193515,0.42069963101847885,89.32320919672375
49.8195716453139,117.11574733796887,-0.5779207768327106,-117.20490039533976
55.53635509376312,112.04737850519706,0.8811467208133691,-35.27016113110299
71.92017782722638,124.22531871990871,0.0013256887344072295,4.858093889651446
22.845474133129873,66.98810060507353,0.39542098538803816,-61.30016959173681
99.63339160567419,69.49751999002892,-0.9575689550152119,168.11366618855806
97.4793162146783,139.04095172193286,-0.5893322314273619,48.554069478448504
65.03256863469369,124.99777984520708,-0.4586386361010845,-38.6965994290698
19.954245092914512,140.8228488700323,0.8567024802425557,-251.92500177035723
68.02282424312914,125.87153211639207,1.6773770878054892,-14.435202576368884
7.219840897917584,109.71553059903019,-0.8051717517428763,-204.2111303394062
3.0652502205806065,115.41327370278736,1.0768481446576803,-208.77454407634542
25.76828885112137,138.91279239400097,-2.169677417725702,-238.44488597132354
46.26229567393163,107.88067545119405,-1.1941894010922893,-94.5229340683755
86.82725054083805,113.23913243283874,-0.9587784561867748,69.72697742044545
72.7169069766308,65.64767160036006,-1.3525086894407223,72.35599994339071
74.2706521199981,97.39212201161027,-1.58358838978758,38.62031591499507
42.54933344480754,121.6397111958099,0.41299891213779755,-141.955240999866
34.59349925469629,77.09426983163654,-0.21406769772786138,-29.363297770249957
37.10387629846027,70.22541805245349,0.3794053976051097,-25.999209006958864
98.76495637360578,81.38268082244156,0.690472686121513,198.91184107241332
4.010919141248248,74.15006279928335,0.26561699317253346,-136.60749610521862
86.70314961224486,71.49126370363959,0.6577631761503737,128.29347065511507
57.86754085723934,92.4850842868087,-0.06953228624226938,26.8664393484807
43.86154191895905,140.7838513883534,-1.1869933883057446,-137.05410489252375
72.52576604151365,100.70596467387182,1.0578141808207961,60.51093052297203
48.666894142470284,68.7920380815323,-0.589112132781127,-2.131232909260726
87.34232380816606,57.697166938087406,-0.9355962987624259,163.28812399001646
90.07018640112585,119.61561451379252,-0.17791787580439816,53.220666063668105
42.17209268734554,88.27987644363878,-0.912810919296513,-69.81572094988974
27.682779723505156,132.18309465853594,-0.4174303819894322,-164.24045158714122
59.23503285933622,115.95107686407702,0.3440539215634665,-41.4426854431373
91.2363345616691,129.62414505413685,0.3483417392461269,-16.429491702945136
21.066218900566657,77.19460394184487,-0.8978300664256293,-98.28754692920734
62.296658356348274,119.2358922461058,-0.4877053729487446,-56.12086036004756
63.156022009252055,76.40619846937187,1.0743330047702437,62.19723932509752
73.3113022415281,143.90684794502914,0.4964001177339411,-62.41389377209039
13.15676851272598,113.63742815333744,2.0750650393485417,-167.0620734171823
71.58249646820886,82.4511800175342,1.1801281737415277,103.34117890863865
90.9032520665641,76.95118622922726,1.144293068559939,165.9727664594468
17.968310887024195,69.09265850716434,-1.387868550455802,-109.77966985849808
23.754332492387764,119.46409588937279,0.7638603516334226,-172.86898781311217
97.13950940416396,71.87156129979273,-0.05310680169691065,181.73177236961328
18.097695270948975,109.5303265927489,-0.5509818035382495,-199.18320388840542
85.4385093369579,76.46350269253574,0.1680153405325285,144.07380313252406
49.227785644803475,116.19689447938686,0.9452115346114836,-64.68295627451478
24.723107440317705,131.49397285405394,0.5008315910042116,-166.9387235322311
87.07499012725114,127.80252431446532,-0.87847380134206,39.91916954590416
44.53052550026655,126.08513309307817,0.7424589135926203,-127.8193627697155
51.48173539296902,68.7722405692252,-0.6375875420759639,38.91723669251576
35.92333693997657,58.83849469845187,0.21668311896428621,-20.565245518922676
59.29508514349274,119.89488284873856,-0.3033500674771342,-45.350802920954635
16.352387258502276,86.83472137943514,-0.2188662517356257,-146.32397812255778
39.10815366517607,93.23462264033472,0.7662429750405095,-81.04026669772676
96.94123223352875,53.11490927933911,-1.040193719815898,217.64048205859368
25.813343270112753,75.95764492750492,1.945195074276933,-110.79950921542968
65.67366645412922,53.3676403874464,-1.8210860692944963,59.21865155602065
32.51900642246949,137.91857726012478,-0.5976676832548571,-199.13086200166558
77.34731256866006,74.33966832185305,0.370211889941741,112.51927791434774
13.087366071834982,105.7337169573008,0.5843141664353099,-188.35162979345
96.98210450785447,53.89793206611304,-0.10047572057170515,188.26843205197292
45.37895413836392,116.6847391305658,-0.057390703001542406,-114.8118304757566
23.605046334646396,82.30273457540939,0.41055008532761655,-86.51866649661424
7.349674733001265,139.79191869576658,-0.2310694774576803,-272.49341892719167
16.975790508754073,138.8118188934036,1.3931812579349059,-232.36338455741844
51.977394855601766,82.52906183617478,0.8393491142316022,31.887112718077468
33.70031764312863,140.0960895690468,0.8728243510056346,-173.58410132171173
82.88833658826094,149.6157673498779,-0.966156723370417,-63.65619042368651
43.08875236618059,132.5415664123948,-0.07938842440570287,-147.18473813792585
24.871427258762992,134.48713477552292,-0.3004659487207037,-239.88368373184412
61.714498660403,74.90087361090899,-1.0056013756894657,39.00002980268773
70.67772168854458,107.67023988577563,0.36016418394576694,36.34115238508406
16.704190790094987,56.72559139673679,-0.5376457577798165,-58.00228919106729
16.761921628831765,59.49179368216697,0.655403829850237,-37.62099558297136
3.667142693354297,149.88926120332906,-1.0701915628943317,-333.68099572550705
73.64020150656405,82.6639249425911,1.719040612841821,119.99247241797713
66.38045276218051,124.81839120488463,-0.8963326585920618,-55.098287097994486
47.46308757498139,130.66650530268163,0.21930233720043607,-89.72078013006248
84.41704489691972,135.80232710072292,0.7918593103880676,4.175995672666792
80.56701529500532,149.76282974021564,-0.5706404302001128,-39.05544872187145
58.535436439675216,74.14964852568679,0.8524686434329506,79.77173450287893
86.82712805132586,54.03508268596997,-1.2291835978004162,168.85737772087828
20.584121003676824,91.11915179945859,1.4521176991825604,-109.52875370323095
11.191961939772789,63.0080669828947,0.014149264965758293,-73.52711941937996
26.974961151698963,52.24258891620551,-0.5964114079688796,-29.145508942995832
5.708685608931486,86.04268271414861,-0.2991817724274345,-198.72316571426433
53.1169528001032,128.37382510752366,0.8089192693927194,-45.56374665056549
93.66056922949615,106.61806912250708,-0.5844552918504382,78.01239802847384
3.9343540668509647,81.27779892103541,-0.7493576894227776,-169.35937426777647
12.21099140100268,115.43420054927196,-0.22153659758373817,-190.3120038917038
45.21990282834353,73.20181803088107,-1.176962112769968,-26.713838971059758
93.38750175279048,51.4381446072085,1.8205439079418155,211.74041881388357
31.61561049767505,126.43533864364274,-0.5663945912147232,-168.09230825080192
50.723480868839246,112.3743084864009,0.8316167861804036,-97.23665572558842
4.15728590503921,126.23026245009599,0.2094700836477726,-266.81949742345466
14.834320096208886,53.893801668766564,-0.9845340504819681,-71.59081055306692
98.66301229588468,133.71196278306522,-0.0059547092127293835,45.69563988422232
96.51186964360456,111.95262000363033,0.784002779310748,68.46678867402174
0.49399809344096157,106.33953507126401,-0.18826133508630655,-202.2170380565203
95.18117854232389,112.46140481145315,1.193112945851028,99.72092685043044
63.91199378155004,136.4433246868364,1.0215153927818639,-37.64513979256152
86.79182945200222,108.6936506558907,0.9189148546583293,68.63379518202257
45.47398556338591,108.09503798881794,-0.45965677227299695,-100.84694146009404
51.55960285792502,149.06791570657657,-1.079842447781487,-152.9056106244426
48.88465802569202,125.6730167068568,-0.6135876053627944,-115.83595224535523
66.68642575461044,94.22938054511353,0.19624094066672046,4.505033188726788
13.96512547563129,120.73970000329277,0.5457867135323555,-181.89584853146113
2.9973589872677953,88.92304716917886,-2.1715714047604475,-219.30106582224062
30.79299415911909,72.8875462483499,-0.00811320161175029,-89.46358190148186
70.46807627366466,109.68518768877594,0.15808922532318442,33.47506737489773
20.185345212294838,142.81820981139515,-0.2775442563155516,-256.4127562214454
67.34324333249174,142.91395200154628,1.2912738390158789,-77.95308220183448
96.99120461072704,84.19052781054903,0.4217800742508709,123.16010395624599
9.39007157894184,102.7677466221695,1.310191908080897,-145.30304322972768
67.26021182251263,71.16358985698612,-0.21596052035023222,50.901626745728635
44.375021930457116,149.56311094988834,0.9374774925069249,-163.18250279397222
86.81422543775054,148.11179078679356,1.6350663945275195,12.606919697264996
17.71497894473859,114.95089297074473,1.311693449272661,-169.3382650762648
69.26259522261645,130.44140596774736,-1.092141593428733,-56.666512024017806
83.81152896481102,121.51001612837,-0.253676077542381,-10.551762046747612
94.46142194740233,109.31582190394681,-0.34516470544979644,70.47402485738151
68.32480282896458,55.33479969888977,0.4892545350763276,126.04880267543223
49.71747640084273,95.4764342552661,0.6863535550145331,-44.916933808230475
61.78472402012139,117.47863021674105,-0.8388926740257363,-46.52818994668751
86.89049844787182,117.75316138836847,0.06783851391693768,59.37304282861295
57.060974663882966,87.31226184223836,-2.0199273321561364,6.677219665106648
3.038705969683686,144.16919866580304,1.44194500580189,-316.64090326910855
93.09486955069778,66.7357032236781,-0.5123742406766936,217.82267502816254
68.95267510315611,100.03594462155607,0.05586393984449697,37.16351098315058
67.65133857772466,119.08839765508228,-0.30964971398806124,-28.345570032406645
21.567515239771716,119.71358058918092,1.146027575013415,-154.6325665453301
65.88854702326572,114.86389567688155,-2.837506441397379,-3.15756488168374
39.386440565415846,77.52882134518602,-0.016610342325908987,-61.651370424850285
65.12329770414921,65.6206568686622,-0.10581875749769788,78.00265642866135
10.659303030799073,113.59403268267108,-0.4536363875916828,-264.70430836746306
65.7845304603036,109.93021161394378,1.7262265456356325,9.514687169703096
99.94137257706666,67.9356010289241,-0.8873294588557712,198.7710720060454
4.821203886055603,120.51391455705634,0.7717961772356612,-241.32167896082797
97.71741842213173,95.51719917336564,0.35625278870608357,122.3449827631513
40.690796072287064,116.7760591603153,1.261519252535516,-142.86464169810034
87.07534503372591,133.73670797701507,-0.6671890847775054,11.341732889067844
78.23854840582734,66.97284285769231,-0.732968899123759,148.27366582054148
56.70162609866678,51.914486799683665,1.0960699074773985,83.38415034613499
73.84492092513266,127.91025863957867,0.4253213083301104,-9.89093410534482
87.8515561301348,110.9697425152616,-1.5449373466767586,16.53475318672767
40.4140321651033,119.96395696221217,-0.5393050144632704,-118.72038160978765
32.70331615632387,133.81549749886426,0.386382653848061,-183.93630736678034
66.75933855635847,130.28109348245005,0.8377642215465891,-59.831437510727845
80.78459419412586,146.09201469288246,-0.6792306531929551,-60.65593200115306
76.22851347766158,103.59350788521182,-2.914255989816941,1.879288285519853
79.78136488586345,98.84956326599054,0.5232231857370332,74.64663608656392
43.5583314812933,90.18871998907301,-1.2203206899439758,-84.4074947147842
81.78342161750216,65.36910428442046,-2.0173387981224113,114.31425162295133
12.020905537060845,107.26072328820224,-2.832325924984141,-223.05311666415636
54.448909796084955,77.70125243259788,0.8139808601977412,5.78745304592222
0.575866049812157,142.13075122129754,0.12861745040496653,-273.4526429749621
32.45858299002703,108.31908042770976,-0.22565638071225164,-144.02340988421625
36.646153487139784,109.28401805081101,1.3890243629627617,-111.66179714983718
39.61726916092554,85.492466087701,0.6373246830230725,-62.615895495922075
69.54672066898621,55.19893519777075,1.6163000427219165,174.1084670763376
38.85581012703457,53.17437653729886,-1.3927354721669964,16.142456912883155
44.86936226225306,92.33351441531974,-0.034550623953963515,-65.16831016023019
23.754413087432745,58.456537809723784,-1.6167133749480143,-39.50643994765849
37.325179162934006,110.68469555401391,-0.22938233185546722,-111.14805258133872
22.726962726315147,138.09730056396575,-0.24861585376667736,-221.61078181405836
7.319592376844364,138.29148165187223,0.6266136372630708,-279.24609411758206
60.34485933813779,115.90454101322324,0.04556388114189831,-58.315663473329366
66.82127985550163,71.1231831472931,0.6234071382799156,90.39286993410202
61.94903460096145,136.29968313588722,0.7034401331388942,-86.90502506410971
46.34940438005724,138.6093435313208,2.154928677383142,-84.83324107337192
37.978578017922985,69.66535849529586,-0.3152966552861244,-48.87755428464379
86.33336495718252,123.74260857706773,-0.941022700666379,51.24594693102492
51.908178513621806,78.6519548927123,0.24608361531640882,8.87878321091734
47.9181877629731,130.26403123529298,-0.8022800271395435,-120.90829713821208
2.5642065806435688,149.72378999036027,1.481960768436536,-288.9348519295861
34.12478276261564,53.00260053293928,-0.28321803894523256,-12.606147792852749
38.019561878585705,139.73658657909317,-0.5655763678739903,-162.72281988372222
39.88227808969005,112.26305335986581,-0.4713157211511179,-166.25477839692434
58.017236922733225,147.3382619164821,0.718417423471641,-128.29946341641676
53.360254672687844,96.50095175264276,-0.15774698323148525,-45.59992848054281
60.79050927934446,134.73879305713737,-0.6416668201303823,-115.14535069673568
76.48832615421283,56.239406859827724,1.665351917623531,156.33686886278016
81.29857387160935,83.52790500782957,-0.8561698406617501,99.93691849042403
71.81230762264944,56.701653775120995,0.03556607403299353,141.0082990843229
95.55236959549347,147.53431334790707,0.6523061516102304,21.19840087894203
1.823258267636163,131.6973907271837,-1.6313351104170732,-312.98007606511925
19.57779856835461,135.25474212459704,0.4802605014059249,-216.85520391430984
0.756287497814212,143.79652314338944,-1.0551076754804494,-321.7707075308945
64.7474714154603,58.510348611978536,0.8227827808340025,124.84233417481862
89.8030548949987,88.55975925133333,-0.9626510119189763,125.39144571900266
24.34822965762993,57.10348890440021,0.6927690318488605,-32.87165319107453
92.70345447963066,71.07931015500286,1.1058330662947127,161.200878877423
6.026739028956085,72.93657770376723,0.8614365256328049,-143.81152220725517
93.44360268055144,96.91072110475787,0.2513166482381024,105.36640224108305
35.16226872396344,76.85621674536426,-0.23130094292969944,-54.634072413551465
10.142082844921651,60.09781068177611,-0.5764195763348439,-97.12108075423505
48.58717591863256,66.74910890941078,1.471034690817104,52.220910825242456
25.677656772050796,64.72755635520909,-0.6994952201676432,-60.5461513412662
28.487290196192284,147.30767979122982,-1.0370660735699961,-234.41954483172316
30.728996492628657,125.92925069184736,0.66536893503283,-159.97304834753555
80.30258978326634,146.7761465269562,-0.7961368031864954,-60.127932412383224
53.91612766752545,93.97404865079085,-0.9500634974661272,-46.04494032292122
31.130769915600364,77.83684816626567,-1.443604262169765,-111.82817182909506
61.03337833109184,129.82931972091865,-0.4829098394605177,-90.73976478334225
71.61506742231936,82.62539180411468,-0.0827150238964932,77.5126328354562
27.262400073353376,79.93833737053482,0.24309172766069878,-92.07325344262418
41.354910152535155,73.25059922078312,0.9513062442994834,-11.652211057373785
12.188609333694755,62.96789782242354,0.5268979236657937,-81.27163755649588
18.11493495346803,75.6463061016766,-0.1908722195531798,-94.51453335362886
68.11178539649828,85.53197484738877,-0.19819567637971988,26.648290416370692
18.143834769562694,117.39942081457303,0.5101574689151834,-169.7325422803666
52.516338366706016,56.25648422194516,1.2725701629285695,95.3156224115871
70.90462617224327,71.0506939665343,0.1263141994832002,70.52080972693676
10.687692309474384,130.90236402916764,-0.46913085421040895,-271.74632371593566
56.73122196289035,64.69219235837707,-0.9928660010855455,70.12960733375505
25.656278370136377,84.26451465225216,-1.4452052644122255,-112.97408100870572
96.29268752375798,136.46589218581403,0.6662696720435232,-0.9334187042397772
48.35456467199247,65.49253111434426,0.5779785236395572,2.943563042158093
80.59925497751581,58.27368356181899,0.5773635251066616,154.68153133292057
55.022654215626176,98.45379950800108,-0.1286594463520559,-48.566516632123395
4.341253285481916,80.24195112785364,1.4069347458917507,-155.53703393590263
63.31513755940223,106.3408364483854,-0.4841184945848177,-16.5401194007167
95.14033422066571,130.3804890483475,0.9552692372072055,84.95187831873206
60.16118201463312,63.714848815274316,-0.038742894989543024,64.19496238316117
81.91888594267903,108.0699084554285,-0.6083507646793376,64.32963054209567
88.42064633484078,100.55087603898639,0.5925303073177614,122.76084120008572
22.807977194893247,64.40787860131996,0.4096361186839937,-29.08685816689612
21.204483990822666,112.39984855289825,0.3569727592669261,-163.7991533881162
61.09809888509917,77.36404178607717,0.08127842205619876,5.18945543225982
41.10284698067047,98.78343185440124,-0.037893081716830875,-64.62601915642709
83.98613028667204,58.227232427706184,2.3883719928704386,210.7032623473737
90.00231233980112,95.95840572136231,1.184256645196173,114.12082494556019
35.34213793027181,80.64634680428203,0.7228268949855121,-11.604533862109058
23.687055897448207,132.23812111853545,0.11179915820338826,-189.70450800832626
78.05255152438619,55.69787269973683,1.0071572005966691,172.085649944953
27.48060355481361,91.86072749183299,0.5179947763914519,-79.0039260521537
82.26143185136785,95.8431424131438,0.02620475277403566,83.98954272382899
42.37382536487628,122.50060762991187,-0.30356432526591504,-174.08480124930537
66.75498992914704,107.4287575090211,-0.0809173376626882,-13.492754173865958
9.553531383466819,116.72123371941811,-3.1704257358780557,-231.11025115440944
62.3859324676573,127.7049285651756,0.21060083929764178,-76.64589761557531
45.17676787372291,136.22029736581888,-0.4884760801103597,-150.92017755261378
58.66084631754741,81.38754967224705,1.592669998282884,21.290326537239835
16.801420774486342,103.8022705363903,0.01934407081175429,-133.68812985720353
73.68737449441821,134.01080784392,-1.1889634195349619,-15.177751573149592
86.27970775432286,148.94511309650565,-0.0498801541281177,-43.87645111627822
21.673980009077564,138.9519311043763,-1.0461210850625042,-237.3505692406998
9.571455552016172,87.14672626243768,0.4734074157124664,-167.09851014346262
2.3638586046336396,69.51665172186505,0.29094736433948537,-129.45476224786296
64.1971500443266,98.93925374065887,0.9578396311082676,26.795724781622845
60.70940360887808,124.16414518360422,-0.7908817916945654,-52.352913257536386
54.669741271407005,99.25690707532976,0.0340080962281468,-20.042651199361757
23.194709611597542,98.31808633136686,-1.3650217954266353,-90.06040011491265
39.09059959055147,133.82304210818006,0.7014947819247145,-171.13712155203362
59.4476335186173,86.14037790671864,0.518871180440122,-10.46546936394953
49.67668588591694,135.97946748116456,0.49580502102757085,-128.1901816616063
98.77855202148874,90.68048009517236,0.00161903135694112,114.88430086819544
13.643975255673313,82.82331056783394,0.4147728907887909,-160.15888634661005
69.51445540475937,95.3989911199699,1.6043391083085963,29.439911451850627
40.431876810429216,126.24469586748684,-0.28509425704201397,-157.52148275102152
42.819961492561475,62.60020278639943,0.1386451837100845,-5.556491108013935
71.75977656581762,69.64192158720174,-1.0861262991814098,97.45010650561196
69.24361513243696,145.1444825663092,-0.8682609615983323,-95.77159952004097
99.12559937021884,67.54916273813573,0.09781329309330739,195.71928120535074
12.839428945412523,106.77273179310546,1.1039335467019071,-161.03801767885045
10.410964938416633,107.93144666619378,-0.25628082425157245,-218.90006411931236
72.43388171287411,98.96244620502448,-0.23591652931212392,28.151121076789845
57.83869170064091,114.47452485768186,-0.4068852445043747,-46.162186457842346
27.416066655980586,72.98267257976184,-0.5347566708443231,-108.78456910039166
7.9419368988986605,105.26622677767483,0.29497145570882155,-248.53731538666275
8.565824959643054,87.21732552468971,-1.4972576451786446,-169.94795867139868
89.41908746641182,116.1667259629189,1.2809395766667275,80.04969039202501
19.18673247187429,64.12235433731495,-0.6654222981294605,-39.28543617477926
32.33715621155208,107.08774168394763,0.7219034854381414,-112.0320525925349
22.6656402226988,68.52703553833237,-1.2699985973938759,-67.73492903366227
35.49963058319373,77.86430631150364,0.6688401305462182,-44.27381841038726
6.942384274609337,71.87098003235832,0.6719446078144975,-121.15382060020893
51.90597909082704,68.28377798688172,0.3842020720058965,68.6337728018045
6.76125635922149,132.5710951560667,-0.9944285217997922,-320.41615366658215
80.03565078223616,78.57075676608903,0.249548189598077,118.03691989984503
23.3712081910433,142.71237818644494,-1.183056184734389,-201.2868305873239
54.00119146045106,146.9926525345191,-0.25276325509618536,-131.26661363113834
88.00790875614582,107.12604699370974,1.029413100955326,115.65596753455912
65.08773690471942,64.30011226657264,0.796701927070742,81.72960846017673
53.29577865513353,87.45482433795813,0.015182942540433121,-6.354508708410458
32.43337531153756,129.7732263348214,-0.9748065759228419,-181.06185605768232
33.300191305819794,86.73907286970704,0.6455877121741934,-112.17123520841972
66.94869551981901,58.70172183027887,0.019381237698025213,82.00690211272926
99.41393612211675,105.6784910928188,-2.3203155982304233,70.3154384532233
66.18391898493786,134.51208514960348,0.7826298263165181,-40.01525105802945
55.77834173700249,129.59263871435024,-0.024232833869692147,-72.67887531707768
73.06505102392461,67.51231401303532,1.2024512479830722,125.70582908901977
46.52056122837182,117.27646144124667,-1.0952705188428047,-89.65689812275525
6.0142342600785215,72.05042634356471,-3.1767038131960006,-172.511144431963
56.22968158779098,71.82075345521721,0.2790838583451852,65.62769993003326
95.76252845053801,137.40717733051852,0.29156367668197275,35.96446506920347
17.530294235765965,74.96689527402302,-1.690671627606452,-119.32057510519915
69.00048908206658,76.32473465180112,-0.9784995458666064,58.49044742935628
20.093368865905646,50.06533907612996,2.7552177437199017,1.424232053111428
53.582768447308126,137.06690341255177,-0.30561061415380336,-125.48758041583176
9.667644964671961,129.25948132091347,0.7309589763762161,-223.69588422193425
45.037093625818514,112.7328935090678,-0.6506598273683837,-119.53211911758834
75.61633288952461,125.02657639388423,-2.0903028988531567,-53.282657036304656
34.757152423898205,65.20485674244918,-0.1702582467959055,-9.754698715173468
66.4911724487218,95.83235945875754,-0.2656045602861052,17.460982866738405
79.54499607897291,85.12193873487809,-0.39987823866837147,78.06261034992714
92.71778194794527,59.37765262570165,-0.11464083550639245,210.53614733571007
23.464208185545353,98.6130485214924,0.26426827164563654,-144.32652366313988
39.931591580930814,142.07396503426355,-0.15011695125380659,-178.30734714066745
15.241601333041743,54.005911905069446,-1.2640061679473638,-50.122904203557134
99.24835021583752,79.14609134937939,0.4861847915619389,208.89251961862905
92.70009679242953,70.75409362057034,-1.9493717553224232,180.7455794604309
53.99571302805596,73.81466536656963,-2.0503574572842003,0.446641680222438
84.20332943764213,140.84345518793754,0.7391804947015679,16.861914664989964
52.09579772720422,96.80690542342901,0.5070202721353568,-44.54875372034908
62.35856880027597,96.62994129398189,-0.05739536507403601,-13.042891190975869
8.912443211601662,126.05756424552823,-1.395448504755072,-307.09669219959426
75.52704204968079,65.44922040049258,-0.7079109406740753,146.73461692402896
12.771348363523483,98.72653541000508,-0.262746747686504,-192.40572308806563
82.60676302525283,92.99852141210597,-1.5958939685741134,66.03733220106943
78.20280876703859,109.6910690546656,-0.7390286580232329,6.7927053455726885
70.87446977429764,149.95577032504386,0.6523303381766798,-61.41544215668517
3.6160380524762115,126.9448894082047,1.4273053642892164,-259.86224308583826
30.31283559453286,89.78657030174273,-0.4194347526585506,-121.72621541821349
26.311256991084285,132.75530522740468,0.7564883543160984,-183.5741372046131
36.01364074715191,67.07083633124802,-1.9140600705874673,-69.3232985157932
8.764274676383854,53.04636863089601,0.6594512411136115,-96.18065171580147
93.69578230310628,70.44483724642731,-0.803948414727481,122.77932967893548
55.38022407123763,84.04115561142596,0.30734561670797006,-16.465464172677883
30.552431065802356,101.05807574595599,-0.24775241823970925,-114.30119869878247
39.698151707428345,111.51291405411999,1.3204140097838342,-132.47146060728494
44.72025405048357,141.06057172144216,-0.8744356483399182,-192.17963958631378
60.05943333606173,100.98540095504578,0.6276062975618311,-5.731180771922519
51.567942769649775,100.12756446257293,-0.2795074632965335,-53.46005467871265
91.93919732144174,55.024300982298215,-0.15830547800966377,238.99140640307957
49.696348290583025,53.49115526562238,-0.18385389315920966,91.09606942156674
99.21580148233127,105.11599619163721,-0.8456731044941129,90.18493326659338
85.14249577450957,93.81786132483445,-0.014098965906671578,102.60120300515058
20.85105143573358,133.91803949802986,-0.0626482221218215,-207.28183795422737
93.05952146439162,66.06795847118451,0.2412402484067293,170.82164181234393
11.636639788547608,52.49716621170496,0.08450514569286258,-103.83130567886974
81.74497084911916,94.90387679301259,0.7979945496122363,85.05284553725059
38.06232934765801,73.74785567522575,0.9235086160473687,-23.248957104502175
87.79743204450695,54.961437333883744,-1.0506233218278012,167.1543268635397
86.80566901074504,122.4598286847629,0.868772500590771,51.94228080032664
80.59254001176211,61.15929999572475,-1.1863364271098544,120.6454736393624
79.00304363070614,110.83195000077717,0.587855888137735,15.518970635556244
30.46791390980408,78.10497501668891,0.6197387847028687,-56.81419909837601
8.091928305125219,67.34960503550221,-1.911316891662504,-131.24114907541414
40.29801787651615,87.97515229193175,0.09297924652940966,-75.10537888715031
17.35245149865087,130.14457762229537,-0.4684961133603157,-211.70763943755333
69.49510889024617,89.20935769045727,-0.758765257935375,3.975018861980274
34.609972653778556,125.07696492110557,1.3508523306990055,-152.08816440553014
97.56102008599149,62.54862967991507,-0.6536791406374189,192.1596228748307
64.0972077345332,127.27714196650791,-0.8063769291180498,-76.4577287996703
82.24805636343609,73.69333249066486,0.07569494000509344,115.19860572159074
13.252467274184843,117.73931298888728,0.6855897462984164,-168.36546600675865
86.20144822726226,106.57815548409963,-0.1416485860101269,48.79895908951946
92.27571905133944,142.91447172116875,1.1663705456692521,69.04131879924755
48.70619188189359,88.7322517975314,0.5309756619640905,-10.6869901536796
60.625293775097745,56.616518883444044,-2.1782113197314303,67.69117621819073
76.48098009029954,51.91554855512529,-0.5294669635070083,157.69936092745598
17.483862726041256,132.6858560972753,-0.561842099351699,-185.73522988133925
50.25660764634424,102.47356376614322,0.4793609534294223,-64.621964067645
39.86630277723131,127.52440518349492,-2.624817056374112,-189.6781606258482
14.63739921622491,73.44256000115146,2.549009708717722,-99.94996159000725
36.753442229153144,84.50837455132337,0.53102609489421,-51.328252322642115
6.817230938549357,53.01038722113189,0.1488768039176911,-125.78919805864197
2.5811906949486985,146.14923245741122,1.1815677164191463,-300.2316820234206
13.516628915482276,116.78679067008134,2.343654052812625,-152.3152550735913
96.31151115891738,143.32050877593062,0.8707466445884032,33.52078400754304
54.952953589501696,76.54964074290723,0.94881309647162,27.56054971407067
96.582216115322,111.14636112256608,0.13069002446438233,82.45945320495287
43.2497878330132,117.84999682926379,-0.14152575336694828,-91.34075905147238
31.181613308525957,81.75497002575884,-0.47579544400490115,-91.99989738163856
50.61418628402441,134.81092350156302,-0.8261119917145421,-90.76758121451367
43.95116886329101,144.71614629002477,-0.6870140996994973,-132.7493768592438
10.566468426174392,138.48551176960044,-1.3505559643429832,-276.0560300717047
64.08263146902063,123.90669759393725,-0.07587145068502332,-49.29454083347293
21.60381825095996,77.7464679724954,-1.6846675772263868,-91.66234526856269
61.95879548978296,78.16160421056317,0.1909165241437107,68.70539023698497
65.02010923981534,146.3360320446038,-0.03633060804234174,-110.85202886038641
15.20248531286481,51.028449593569206,0.14693529838668778,-68.11564018969258
6.134962711066816,121.60499732421445,-0.5221315700199924,-277.72688901840377
78.07615860684398,120.62461625552622,3.0768603701805035,46.84230183028238
45.98004237693202,112.26895409497975,1.360115900180313,-59.127834018752466
5.816379550547579,149.01088460868658,-1.2445425000847228,-346.9105554702667
99.48663171697672,81.18794357637252,0.23286808742689824,162.81443791934475
5.778056099636664,83.99718637932482,-0.6080061429373236,-197.59575346678653
69.50352288585532,57.89394029465556,-1.014479726707414,87.77486798030048
98.36789252634136,94.27981365437375,-1.340072071123935,134.49165429585912
23.918010421592562,76.10485262348482,0.43221669075925395,-94.0651137220657
14.224936868719617,84.33867021776442,-0.6813802350695739,-148.58811690990478
12.138493942242889,133.45717902556277,0.9678260240252041,-273.9890393770823
30.327514756759555,143.54845135274957,0.993782214530439,-195.98266498759295
10.10458110106467,68.57330720051857,1.3739143852114495,-102.641564532193
69.2161341694132,87.25089315534659,-0.8523867660741036,27.201451989779414
6.229179813006269,142.8630562115394,0.4753656106920102,-291.5232241665941
50.94221281497897,56.180846068922264,0.6324542166423008,64.6303232772893
99.66968538529768,59.23605281113785,-0.47417817510396487,197.48543793481207
81.39702695060188,66.27909892062294,-0.7717719573928751,101.83260624777175
61.52194382310109,109.52128341268747,1.6095206657759729,26.586675184437393
30.625362078661166,65.04722710059974,0.22749587573205374,-46.305627682890275
62.389583629163845,146.80763814507335,0.635967750711738,-100.18878577370835
52.70414639116516,94.67145272585203,-0.8220760118279274,-11.816649045669447
42.60833838903715,100.15179603501664,-1.2192844665221938,-12.816507829218878
13.071037674019948,74.66586158054065,-0.5694497744921104,-149.10049036081804
88.66042152404667,97.09602524347335,-0.12402138738999703,104.45655019915216
44.97846488213225,116.19136326370115,-1.0642200068173489,-122.98961786673529
19.462251182076507,125.11771369540428,-0.009844808650383004,-218.01534517065966
36.77593508772896,125.3868082709913,-1.6885051880685,-178.4244976899503
41.4129752528927,107.78911126940883,-1.1200474224698722,-125.90420498828544
82.75378955668742,140.43597749938573,0.6709112482768751,-13.437601803167153
73.3614380561402,131.74078473061093,0.6037905202778941,-56.51684174903913
76.93048936413398,125.70481146986255,-0.3918767653868664,7.7235112171400075
1.1031264428647214,55.56055216804606,-1.017764309076953,-127.44985658977684
41.615399817976154,50.68779622196493,-1.027403551526011,32.315411617362386
48.13441516353236,71.2447277195473,-0.3732682459413141,-1.3244026089784278
1.9192276823056686,116.35235939134523,0.6445184916452914,-250.15678754067173
25.98132087450342,91.11974888825458,0.9282456913443246,-94.49508947660831
76.0289823122135,90.24062592993117,-0.49653173548196905,39.325731043962456
13.710970572899905,138.4586888229614,-1.1534924259847839,-275.31545135348
53.531013145259166,139.55628481318388,0.2678436378663333,-134.17911447950323
21.52018720172375,140.91752640535856,-0.8235349706258495,-260.74462880383453
1.2120774643893273,81.38780765150273,-0.5182526388612024,-222.19019690906825
24.12014575995415,119.10558127392618,1.3252760904370375,-137.57247594882773
97.58737549100537,77.16331812743697,0.827115428565768,166.33689356073978
80.15371118829896,69.06098330744499,0.1579743122514517,153.4510901084529
95.95766443210334,68.46324573473692,-1.2719190011127228,193.8893413126991
48.785404392636245,84.21076208635941,0.2113965674706589,-38.120789671387136
10.973619867750351,92.99576197798217,1.0626572907875265,-177.3246586200162
54.79594889736929,133.09491710550685,-0.3756336657655356,-53.56927396186425
45.43773345599609,61.98910934727121,1.3511140899867151,71.18568627039967
84.4357082739616,123.49258473948942,1.292745289518207,36.1383751606088
9.808258078424458,103.14549141893053,1.6637328321434735,-170.80638739737986
48.82411370217782,78.79453426759925,0.30524312653135294,-12.028074224726257
15.004866469398426,99.28195845328246,0.5873916998060122,-151.38230467226003
32.467592689006,79.99420697770226,1.41418728833109,-62.552446070562524
73.73570773877996,109.6081955238306,0.4473939370689756,-19.236188981975417
47.601812936876655,93.38439228552443,-0.5012341077902127,-70.28277455720858
37.58882851457693,66.44055290788788,-0.44854283652786137,-18.671890004600947
39.44762785700353,61.65830745556967,0.23855495377373917,-17.817374075055277
45.94467684059866,104.66956820721302,-1.2905614219462187,-83.71784463150624
78.50165438370568,140.24130332861034,-0.14325891536419263,-56.70088692227207
89.20846889402344,84.39576865576856,1.0965471182302537,121.87734281865384
95.53346865039283,123.30001072226231,-2.191253851165281,58.25788430400884
78.6903386255295,115.8661354939767,1.534482101794515,40.80511907335173
31.540689574801274,143.1554914309481,1.1223742187031596,-193.5192138755167
68.81347060865421,132.0981017299141,-0.4597646158304763,-36.78704337241302
43.760312405539196,106.6605258905463,0.5433908278718096,-66.44598339414965
25.467062204605117,115.70304982341074,0.003147726906326633,-136.44924880129514
84.08715794259226,139.8386466584035,1.229990368438683,-10.237251411330815
3.8426348962324997,89.95187845869347,0.9826831427699412,-183.21077861516267
90.17619921354235,82.67947058577774,-1.4000707231830092,93.69896939903022
46.147746462473414,51.08110836351963,0.5872624134641767,46.431684006107105
63.72014768082804,132.65510741914642,-0.20562785364324765,-51.58160008960756
65.93539222057827,130.0980700403365,0.0828325705180999,-28.613808166292696
89.51177407065364,60.445451810015136,-0.7281719009698155,192.23559961728964
63.66696821672073,107.68573811327002,1.7481370691208353,-32.47670173045189
61.39335847600618,96.39816981668874,1.040061819902576,34.864303521546816
6.665204056068996,61.87090955091115,-0.7397711639729673,-156.95587092093416
51.84080219452041,148.05682270607235,-1.3346106069102326,-139.66596185919312
15.016900081704165,71.46958874633555,-0.3856726309778482,-115.88636179717321
73.74337687214856,56.72341800905612,0.43450264609130573,151.70599217218665
51.22219208126745,109.48473795019096,0.240205843946223,-85.83565972441315
68.02277792083532,123.88666771330327,1.2531328247682434,1.4837346554617667
4.167290060238427,53.2443446047187,0.7899197221808523,-123.95234061983592
8.479201604580322,115.87176387270222,0.9695690257529068,-228.91408286344824
71.63233880626822,103.22918759514545,0.32685540061043733,6.9156345633424685
7.208433599867337,60.32650088750484,-1.3892987302109903,-156.46746871153488
7.12567277652586,67.25238769463621,-0.19569853114690144,-123.08183217005882
1.210847523488745,106.79742973160805,1.0600897399086655,-183.99369932150123
95.65013982994802,79.63576135132884,-0.05152292852464606,212.39968959304832
73.75083594590069,143.8315728651316,0.5030903686237468,-51.327515064674714
35.32514085020642,131.87402294840507,-0.3187483152461331,-147.33871516187963
29.65355812876552,148.3567206513663,-1.029811848541845,-228.25355770917423
34.97032297458495,75.9670838950414,-0.12334406404611045,-35.9872309031406
77.46535311811819,146.97236327979772,0.3090474430326539,-55.9629618943596
66.13706110704143,93.12338697915578,-0.6556877194614437,23.952923834339884
18.519556786746794,84.75187953137547,-0.2357112448566685,-113.24322457185036
17.410933533408436,55.03495269693532,-0.9394632419859826,-81.10245556371466
9.839564971339732,55.27652578596026,1.119244917564096,-77.52731615164232
66.03027197013381,119.20112559466547,-0.294455757588034,-35.2496843686258
76.43726622217359,95.79289944340279,1.452755545126183,87.84167479999377
26.5046428325004,72.65216260361058,1.5287478505409084,-73.10167274133639
2.094496103091281,111.39703063252327,-0.08104596472174376,-239.5840348501022
8.217166747642734,75.28581182501111,-1.0084487325473497,-108.71308034269444
96.78600348450304,107.76317543444226,-2.0858978777333372,104.09425051437304
29.544477747742025,85.92087469826903,-1.4720370730267915,-73.35704197158861
76.92231478381336,132.3552226611819,-1.37383482489866,-35.20309955667936
62.46635688542638,132.06961607667793,1.3784696274615047,-51.71625872136364
38.19396396528959,97.73503981224013,0.1158245872269461,-60.13524450208678
20.56872621955551,85.08191093350156,0.3896045240919878,-80.08850645372067
12.138641815940643,86.25597965590946,-2.220421008935126,-208.51417723421756
61.50129680388666,130.5714525668218,-1.1979664292172616,-110.29114726657417
77.4633780637788,82.8179482797612,0.887079776446287,123.98201680026699
64.39042535411306,70.9059373706846,0.2867741123825862,66.7033805323394
53.030213324915835,58.46883418753068,-0.14720527868559727,42.06784285262038
4.195122343163627,96.66931208844085,0.5648423586001226,-217.42435454740803
96.84887775943838,98.21320989198418,1.635797806135815,128.15965442614507
79.87141916545745,134.09087104029072,-0.22104246353705057,-45.70775951338555
29.282203670096475,72.1238696446064,0.06936980265806943,-13.669216891566201
97.99703293588506,88.09912736684,0.19259691873130513,150.6487832162513
60.18815896363221,130.8405738893691,2.3921096352739926,-54.42862066641369
58.24226582072465,132.36236107489736,-2.0993562644190256,-96.58129313307161
74.8073179429532,88.46110759787682,0.683223014788808,93.29030961822667
81.17697880901376,95.9124023286681,-0.11480224875906367,90.88188135198045
65.64786073315027,80.3285890849283,0.5667717261841796,80.18477271917689
12.809574636620003,143.2554878419312,-0.6573725539947244,-289.5191985798431
33.82675059944984,61.86437657415803,-0.048965030858450255,-24.154987772794968
92.80836403260497,143.37494230014698,0.7114105794654951,31.899139957294523
22.461561184385193,118.38664518353433,3.112910201043841,-161.25383448078136
37.21670238375133,103.15721526867313,0.8080361894020714,-88.70918599447502
43.2076882944196,53.26590607844959,-0.8480655980305086,33.53653496607068
43.940498969445215,97.55961918220083,-0.42375968202270325,-49.373310981803115
61.29395824945255,90.77481050027322,-0.45341410838385404,-25.26348955875973
94.30758377447076,66.12188119751225,-1.795643172630015,180.94688584759942
24.069271183250496,115.6409603500657,-0.3300901917014373,-178.14304670281672
12.150137630091805,147.11509073682856,0.732829081821745,-259.65027288019644
19.747048985993732,106.21888110645251,-1.2742321190767951,-161.77055432688886
88.69249002092695,121.47532764439458,1.0484826510505925,85.82112198846534
64.5810812655206,56.84504525660168,0.4877748210843382,132.9215060280658
28.590678923916013,91.76669958169947,-0.7342333219710379,-82.23026281353727
81.59469389686173,61.635848516449585,-0.14152963733784743,177.44067191277324
86.1369996363436,111.27958355365104,1.598321807641033,78.47521268189958
84.6514338690278,143.84821582141547,0.7335478135058658,-12.206876389721302
91.89265336395545,116.17777324716386,0.008783654898147817,83.57736384263171
25.224102017336158,57.68030483144215,-0.2376833169609843,-26.347527709445586
75.50419287462783,85.46662049850829,0.07660907045165961,70.82287593423055
46.053949727414,105.06633794408515,-0.5117635579423034,-66.97828683429604
84.19985528900615,90.32077561332522,-2.1047495057190146,74.24436276932401
72.84906771616131,133.36440104751722,2.042177910534731,-35.08682436182713
77.64474464997247,131.4671004709989,0.15532499919940146,9.891450058227026
65.61618376810715,111.18310201032214,0.3981472651225371,-9.860723732506566
17.742876946970686,87.34579451327053,-0.05790774987690872,-89.66559095958986
54.502691889693835,75.5336373763244,-0.735116800724588,-15.275594025227825
98.46697395245081,60.58743182131293,-0.18592448094877073,198.34723856033435
93.73880664971189,85.4897683486554,-1.5993947621943112,124.66716201882403
4.317373579701167,91.31725172077195,2.2770864980533045,-140.2686593236329
16.481481572943714,117.58229251040736,-1.234511998422396,-205.3515905497735
13.172877345456191,115.81598242975734,-1.0319662838471795,-212.80029839122625
72.59799099852955,57.010813964125695,-0.4402592043864004,101.72130987882994
81.77853298569451,89.52593154311577,1.2880757248523775,79.00974535901044
21.35113663106719,68.1778867217362,0.014508999262654136,-68.66718938065983
50.5852692951829,65.68127053168057,-1.2361357960304624,-7.093830473228934
84.07030280112,132.73021497372457,1.2543383607573395,4.145415463512734
73.28015447662506,54.19152167162575,0.7310006267854814,154.587545840183
54.223720549184826,91.91828759021213,0.5384349572164524,-26.699346649690796
59.03476904587729,66.82036557665182,0.7157342411708404,98.88134905088103
50.83605469162799,137.9330215678474,2.394361900582451,-77.10411013798401
29.754845131882057,105.70405132750352,2.185094895036112,-137.98440597532544
56.50219928590161,73.13806363768481,-0.6867153430032953,11.33937920407634
68.88853020500906,100.24272871663764,1.6238849928111523,-8.900842420858574
87.33229158608077,123.14863597031159,0.3831681897589003,22.915876063223504
63.629135397924806,145.8118008919434,0.4990958161377494,-77.76526037671321
76.1121537043158,72.0446004245419,-1.6922708316433286,82.69380986918269
16.0071634954573,138.6181772129345,-0.17038576538819597,-241.42283041591804
46.15574744197899,143.43041141674902,-0.8128235903365649,-192.57671133892194
0.9331619827093296,141.64205445320664,0.8280588148933092,-284.1063596170008
24.667886452162303,113.541435686191,1.071080500402805,-163.84493548159108
72.64617151130048,112.98206544347076,-2.0744863510163114,-14.800413550589026
99.18099513493634,90.32106331838227,-0.02203486400427045,146.34930500393241
9.917809958721591,125.23978823037879,1.1218615047942522,-255.02755462121092
40.14943158612883,103.12940183509319,-0.18667896231344497,-111.29014974368422
80.00709686991596,117.74380712282945,0.7290636450023644,47.63498920457322
20.403563462889885,92.84579038487954,0.35116546762708406,-121.35676890031566
55.50849493022862,123.14964640431391,0.34166023195262635,-52.231906683095644
73.30712960296748,132.44715176045491,-0.27131497806829746,-31.028765333247286
61.5985450260179,64.64362566028161,-1.2165808041357096,64.07293579327032
18.802473461541613,133.2929715574228,-1.1215301474250274,-273.1713941585201
35.538456868573945,104.02965317903073,0.7093525144553172,-102.79444674452904
78.37917844853972,134.46659090902244,0.019458255518883118,-21.852479282846417
55.42265141320166,93.13017063410146,-0.13851224460722475,26.76992607056182
0.5229613542912737,87.9040485383035,-0.42389004232235256,-182.0583098254982
76.09907600280938,141.50607325172223,-0.30518884548075176,-17.297259964573062
3.531135494023907,75.11692675484014,1.0469117944881394,-130.47839256878865
74.57337827312321,134.42123252861433,-0.33524408186802673,-52.29839296469018
20.24805601652374,98.4020572509404,-1.3410647133015687,-156.6844927042545
95.80734801193802,101.40954425512598,0.7436517755401733,124.38571136119226
36.79407513020845,80.8468281489484,-0.20487666386471723,-69.91563700601775
32.69316163380791,107.30422006190156,0.03139586553277644,-129.01700729438642
14.888805033244468,82.52111962762113,1.6075783063995104,-117.47520237395919
30.560421549021488,53.92694142416523,-0.020560557350507186,20.228995366208974
87.66507618282006,77.1998605344356,0.28918367311872534,98.26509968747958
99.63343376272474,50.63790434065907,-1.1789234912983253,249.64076212142422
36.83095305068483,147.83547870568566,-0.21966945235096014,-217.26231669780884
44.861063095454256,146.57472098197474,0.6095260452086012,-186.79698861956078
72.2070938202737,89.5155297472305,-1.5553737338412423,63.83576818940767
88.61957804650746,122.8370854339646,0.20084509311570958,56.57334752389863
59.304433418678414,84.5806098410425,0.1007910726448063,47.58646008915278
39.15256981778293,117.1093157085976,0.04128745558743938,-104.1795866898886
41.262184084862376,130.5430043045979,1.0371588986582432,-91.2084761517666
69.56181464968068,144.6756244692241,0.3344385148485215,-60.30116067103569
0.32182636042786816,90.02122758496719,1.478071898356444,-185.26913696432902
61.95893374598407,128.32979829560477,-0.9935895155940362,-68.54665574889977
35.54930104413574,76.59284506321188,0.13592456721834797,-17.853077245488336
79.41973312770843,149.03323037936485,0.08446678638994742,-64.6468795289261
9.299063982313216,52.57695987643511,-1.06925449375508,-106.85290437823943
58.82022669483905,110.3528806501121,0.9562950020913461,-33.521794269354636
48.09728898861238,115.95059816513272,2.324673305852818,-105.59572741992716
64.23255259052274,118.80455570741289,-0.017006074483830996,-33.96458106596613
6.485359448296835,62.0387578789089,0.5050210882737669,-146.45887246084354
57.99837874281313,143.85297834731304,0.08451847581532725,-111.57585574743712
56.14845879595237,68.11832790500827,-0.7135846699071758,56.82923281844835
56.06600944161709,112.27534032398411,-1.8207602778020162,-78.51984765800213
60.34876665964548,72.26760791230849,-0.7057734830953651,78.71652847446424
67.64679372263622,80.72164170212709,-1.3919583809517313,16.04656448666008
80.49889996807697,104.64585417281243,1.7041020780591178,92.39150512130982
26.982072012821433,91.71934185645765,-0.11510969392323915,-94.9936558504258
82.5049410180062,66.02256009765063,-0.3459193290471707,105.73780309150483
49.82556822634536,67.09364024208483,0.8891538247878059,89.89090448831085
7.705827913433117,91.81447881627997,-1.121751102855888,-187.51387243743824
5.85509292439792,125.72829782755008,-0.7668640380045524,-281.32775080837564
33.42383186960608,139.79646468477887,0.06807226924862103,-218.02983196608642
78.48969771114676,58.412766225938284,1.0287689914234805,152.09318565299077
70.76809347409157,89.3103907559401,0.5016850451687882,53.67418050014094
78.86149646724064,60.02455637228766,0.2483251425158822,148.4973756122615
51.72690564416094,51.65924806325979,0.07811773523601635,62.2190782432727
44.01989979554906,116.17186826439566,0.40023585552677515,-84.84159613967915
14.745252670628394,110.24494419665878,0.20165290512925463,-196.66656048742234
32.81927536093116,66.30191138148862,-1.0299722747769358,-79.99574636859472
43.40193661738753,73.38128330930641,0.04607922163315134,-12.058482816279087
8.860042967961723,52.37077536445184,-1.0736886589177526,-142.29199507057112
22.061195271121125,133.49472056944037,0.08108254290082371,-208.58796375700888
59.82252940637388,147.46905960485515,-0.4806479414882414,-139.44556222890787
73.56631142391899,63.54595367946908,2.5393816227828614,146.34201521502914
99.83475113929497,73.14752137652981,-0.03989438375171192,214.37963775214172
93.31133313435576,136.8409523946934,-1.4042395662615887,-7.477798866056219
64.25651995351916,142.6463797956185,-0.13418021067692457,-69.04089264957051
42.1248053294072,91.96273828068104,0.5193587456378881,-58.35540944191728
63.617736470823274,55.06224722690742,1.6733639461525236,153.3226692515221
78.56516180802319,53.93918336928194,-0.5894523999387185,143.11428665230943
11.833619092338733,107.39498660690104,-1.58242797402364,-227.48544316236698
40.99048896962883,89.28951088931791,0.8168370114309812,-31.057073440582933
83.98022856356172,52.86524275776545,-1.3805987058996512,155.1054842539128
38.3832951933044,108.32523923125568,-0.43615544150748503,-125.16453782985212
57.18722712271865,51.13025365890225,-0.25762048551099404,75.53573501074457
58.77693608621982,128.7371958149273,-0.06963345330010817,-79.09101966773183
18.447625313363936,80.64328227033715,0.6891644570743356,-79.11328520232755
36.22354416522884,54.02580030092321,-0.6836342822863877,-37.592453815785554
33.451128874193216,108.83522209831534,-0.2737292521667607,-124.63421689927671
2.6196708532064794,89.76844144330548,-0.014270352949388505,-175.9663548254624
2.4191763891355245,147.38004133571496,0.14959795751878804,-310.4040225015748
83.16970436757735,104.41986625037022,0.09782717470792267,88.54583467145616
27.30708099728124,77.52391810370082,0.4360057752225798,-72.10468518060216
51.80787662388154,120.94388646339748,0.8438395096417373,-80.00161578319063
29.872557358877305,77.14920025427114,0.392634115650968,-49.401357706549405
94.06792451153404,140.42432914075653,0.45358552350921844,26.826343214823904
25.929675886577375,87.47219705073763,-1.5822231667464777,-125.3153743416762
42.96568127389351,104.98685627762052,0.05022769916568044,-69.76604156875347
87.27302504846018,55.057310382422884,0.4795075480016086,176.07401444396348
84.19335667918087,92.61212379522308,0.7289411945704503,85.99594493296019
18.610141784627732,133.2363539660995,-0.6923507742337942,-245.46787065687207
80.26433097957104,130.5648805363342,-0.659039274888645,14.153411703005098
45.81868867378927,72.43185588535263,-0.5741006752835983,-69.14600646206362
48.29688720853552,72.60790710105627,0.5364138998913434,22.5778253017228
13.347997241594378,131.73053122132367,1.0338810549242086,-232.06493150808527
8.060151375712465,143.03984201693254,-0.4074601072916016,-324.16913287993646
72.79393069737652,59.53609212730036,0.9079623136270489,139.0735134797476
49.646115235529976,95.00586394262253,0.12347980916459421,-24.501659421138065
43.68507026151796,83.7454278964229,-0.12428577716243629,-20.792268601293898
72.95082286523967,137.06884554574395,-0.21138422981796898,-101.37398373137653
76.55128989911097,58.35249146800187,0.7466113646021572,174.34793530039457
15.890816766935355,71.11259425580374,0.3255778167870701,-112.32880460432062
61.02251494776413,125.24683375864943,2.2758254276476375,-25.474622740314445
13.535408227768553,55.12938489812156,-0.8522246429973241,-67.61148879500502
75.13750860290457,99.25353807142892,0.5181017020299757,32.2705716609363
65.69551562671396,94.210703467972,-0.5292010098115129,30.58794601287633
95.6614621083458,83.44011789887486,-0.8692869869886438,134.844123313552
6.895801635642118,89.45723153189238,-0.010867137034972144,-214.2068186025287
5.705472115125431,102.99405869302329,0.13735247940703602,-181.8894134170863
28.218707469320016,66.13673583883832,2.9181735550600925,-33.05450641254812
